application_date,business_age,annual_revenue,credit_score,loan_amount,existing_debt,default,industry
1/1/2021,4,377206,819,381072,202043,1,Retail
1/2/2021,18,1725124,727,195609,223420,0,Retail
1/3/2021,10,1145110,612,106774,51358,1,Retail
1/4/2021,6,429298,735,180450,68868,0,Manufacturing
1/5/2021,9,471050,720,359451,55203,0,Other
1/6/2021,9,343588,527,208025,254512,1,Manufacturing
1/7/2021,17,1367275,685,402625,191803,0,Services
1/8/2021,14,834568,518,395573,34422,0,Retail
1/9/2021,18,1909543,665,205452,130646,1,Services
1/10/2021,11,1908134,746,45594,244052,0,Retail
1/11/2021,13,1885391,684,344331,253141,0,Retail
1/12/2021,14,889560,548,261052,94402,1,Other
1/13/2021,10,253774,756,437599,229793,1,Manufacturing
1/14/2021,16,1831717,510,245076,260167,1,Manufacturing
1/15/2021,3,1548139,657,220278,229855,1,Manufacturing
1/16/2021,19,1777183,662,243166,272440,0,Manufacturing
1/17/2021,15,794479,824,290395,65417,0,Retail
1/18/2021,7,1732741,650,214361,168587,1,Retail
1/19/2021,10,1005844,581,437582,204487,0,Retail
1/20/2021,5,1598979,674,181299,209302,1,Manufacturing
1/21/2021,8,1208103,586,323435,148416,0,Retail
1/22/2021,11,1838502,608,391106,51875,0,Manufacturing
1/23/2021,10,346465,725,437014,104760,0,Other
1/24/2021,3,166215,556,484342,3726,1,Services
1/25/2021,7,489573,606,408663,20785,1,Retail
1/26/2021,10,1345936,532,355900,230176,1,Retail
1/27/2021,6,1448247,585,183483,30136,1,Manufacturing
1/28/2021,15,1039359,585,281383,123396,1,Retail
1/29/2021,18,216481,699,336923,5105,1,Other
1/30/2021,12,1021440,691,292263,228318,0,Services
1/31/2021,16,430820,848,427674,199992,0,Retail
2/1/2021,12,79109,696,70044,12536,1,Services
2/2/2021,14,1871859,765,147199,174985,0,Other
2/3/2021,9,1160096,658,249343,244085,0,Other
2/4/2021,16,1230778,836,199143,160580,1,Other
2/5/2021,11,1796396,617,230577,209155,0,Services
2/6/2021,1,1466292,849,149676,185727,0,Services
2/7/2021,8,117229,627,87098,11541,1,Retail
2/8/2021,14,977889,826,249102,8810,0,Other
2/9/2021,3,788751,665,206565,220062,1,Retail
2/10/2021,7,1318158,680,356263,123929,0,Manufacturing
2/11/2021,8,772199,701,183573,245384,1,Other
2/12/2021,5,1033932,841,74060,260455,0,Retail
2/13/2021,7,1415713,788,182543,211994,0,Services
2/14/2021,5,564637,651,43805,275640,1,Manufacturing
2/15/2021,6,1792739,847,358429,65946,0,Manufacturing
2/16/2021,12,1450717,508,403648,292036,1,Retail
2/17/2021,3,727705,571,178971,231018,1,Services
2/18/2021,19,411869,843,45564,46748,0,Services
2/19/2021,7,1777878,763,201815,146627,0,Other
2/20/2021,8,969401,766,404509,135108,0,Manufacturing
2/21/2021,15,472329,546,134757,62496,1,Other
2/22/2021,10,539562,551,184714,77856,1,Retail
2/23/2021,7,879583,600,19883,17267,0,Other
2/24/2021,1,581668,732,210199,136191,0,Other
2/25/2021,10,479232,519,493461,54731,1,Other
2/26/2021,3,1144398,736,416280,91261,0,Manufacturing
2/27/2021,8,1369119,575,380700,247846,0,Services
2/28/2021,10,85504,804,239130,51770,1,Manufacturing
3/1/2021,3,1690574,814,411752,203383,0,Services
3/2/2021,7,751490,561,294008,288624,0,Retail
3/3/2021,11,1809862,774,228094,125154,0,Retail
3/4/2021,17,736141,618,281927,53322,1,Manufacturing
3/5/2021,10,1590032,672,298097,112923,0,Other
3/6/2021,17,1546815,778,430788,121912,0,Manufacturing
3/7/2021,17,1452448,540,56757,147772,0,Retail
3/8/2021,15,1482572,602,471740,124550,1,Retail
3/9/2021,10,1912202,547,84760,82879,1,Retail
3/10/2021,3,328119,754,134743,76621,0,Other
3/11/2021,3,177404,766,283349,60515,1,Other
3/12/2021,7,990038,799,182876,114151,1,Services
3/13/2021,6,695819,639,348969,207420,1,Other
3/14/2021,3,200510,684,77596,262248,1,Manufacturing
3/15/2021,4,128851,567,456152,241918,1,Services
3/16/2021,12,1188747,644,78750,78688,1,Retail
3/17/2021,12,1010619,818,46590,26961,0,Manufacturing
3/18/2021,15,630829,753,411577,94846,0,Retail
3/19/2021,9,856974,680,486055,276066,1,Retail
3/20/2021,15,303644,763,252186,115608,1,Manufacturing
3/21/2021,8,1705525,705,293669,90508,1,Services
3/22/2021,16,1896096,604,44584,174654,1,Manufacturing
3/23/2021,9,1753767,551,37701,45817,1,Services
3/24/2021,17,1878016,511,368066,86650,1,Manufacturing
3/25/2021,12,1275262,759,365803,16020,0,Services
3/26/2021,16,1690510,731,304761,243414,0,Other
3/27/2021,4,1793309,785,269136,13842,1,Other
3/28/2021,1,1739128,579,473987,188768,1,Manufacturing
3/29/2021,10,1557746,639,35400,151742,1,Manufacturing
3/30/2021,17,915825,673,156854,186472,0,Services
3/31/2021,11,1227039,584,19092,18509,1,Other
4/1/2021,2,1579203,588,362938,219742,1,Retail
4/2/2021,14,743240,563,316563,20116,1,Services
4/3/2021,3,1435092,831,28427,228407,0,Other
4/4/2021,7,454282,583,142805,259253,1,Services
4/5/2021,8,769598,538,431862,20644,1,Services
4/6/2021,9,1873666,846,410504,195799,0,Manufacturing
4/7/2021,3,1076984,806,207092,199113,0,Other
4/8/2021,10,1918166,531,138925,267831,1,Retail
4/9/2021,14,824869,799,200282,14699,0,Services
4/10/2021,13,1455849,527,16655,170207,0,Services
4/11/2021,18,80751,778,339314,80812,1,Services
4/12/2021,4,1617071,803,357476,117862,1,Other
4/13/2021,13,1734332,694,308225,168259,0,Services
4/14/2021,1,1472906,554,187698,151551,1,Retail
4/15/2021,17,1023726,512,358759,285026,1,Services
4/16/2021,7,339407,718,294463,455,0,Retail
4/17/2021,8,1668125,641,285934,117894,1,Services
4/18/2021,2,1480728,831,297015,173422,1,Manufacturing
4/19/2021,1,779661,,52665,53170,0,Other
4/20/2021,16,463271,547,433483,181511,1,Manufacturing
4/21/2021,10,618411,618,240384,115923,0,Other
4/22/2021,15,1985498,704,94636,105469,0,Services
4/23/2021,14,1548537,816,80131,139472,0,Services
4/24/2021,11,1883602,568,90649,160865,0,Manufacturing
4/25/2021,3,583511,809,44895,94437,0,Manufacturing
4/26/2021,3,1343949,564,337398,201059,1,Retail
4/27/2021,13,1108538,639,232555,136646,0,Other
4/28/2021,3,606550,507,349227,92114,1,Other
4/29/2021,8,1601564,836,292106,26997,0,Manufacturing
4/30/2021,8,1364359,846,320264,88761,0,Other
5/1/2021,8,1347649,592,493755,290927,1,Other
5/2/2021,11,1792102,681,259841,5826,0,Manufacturing
5/3/2021,17,1464875,554,194119,5226,1,Manufacturing
5/4/2021,4,1597350,725,357691,249337,1,Other
5/5/2021,19,315664,528,179365,61345,1,Manufacturing
5/6/2021,16,1971634,796,321328,181361,1,Services
5/7/2021,18,1932272,604,194177,162763,0,Services
5/8/2021,6,1720109,723,386544,36831,1,Manufacturing
5/9/2021,7,757831,608,307825,47859,1,Services
5/10/2021,17,1684882,692,219478,184278,0,Other
5/11/2021,5,348834,711,476255,1484,1,Services
5/12/2021,9,1469357,522,223864,91475,0,Other
5/13/2021,5,452926,516,119843,233607,1,Manufacturing
5/14/2021,9,1032192,565,485464,176004,1,Manufacturing
5/15/2021,13,1567170,508,179429,78135,1,Manufacturing
5/16/2021,17,992923,767,82198,48708,0,Retail
5/17/2021,3,1574473,842,217873,44814,0,Manufacturing
5/18/2021,4,1076912,844,480903,241695,0,Manufacturing
5/19/2021,11,1958206,696,443760,14455,0,Retail
5/20/2021,6,1643208,791,377743,30516,0,Other
5/21/2021,11,168829,656,110215,145527,1,Services
5/22/2021,4,1348794,793,362775,102257,0,Other
5/23/2021,15,524200,580,488229,189645,1,Manufacturing
5/24/2021,7,434698,709,457051,122406,1,Manufacturing
5/25/2021,13,1602299,638,182373,256312,0,Services
5/26/2021,11,1837373,769,170353,215890,1,Manufacturing
5/27/2021,19,1128351,538,59996,205277,1,Services
5/28/2021,13,1854735,652,328284,172468,0,Retail
5/29/2021,18,1105653,756,346033,68704,0,Other
5/30/2021,18,1956170,601,432159,91056,1,Other
5/31/2021,10,1067497,696,177723,283326,0,Other
6/1/2021,16,605145,631,101182,169066,1,Other
6/2/2021,1,1313919,515,402811,224761,1,Other
6/3/2021,3,226585,803,293656,61367,1,Other
6/4/2021,1,1483162,647,84721,190509,1,Retail
6/5/2021,18,1715012,763,165741,148490,0,Retail
6/6/2021,13,670855,712,25309,253777,0,Manufacturing
6/7/2021,3,764952,769,24556,222881,0,Retail
6/8/2021,8,1499020,522,283198,6307,1,Other
6/9/2021,13,1399340,539,345277,9227,1,Retail
6/10/2021,2,1017880,508,39210,277348,1,Services
6/11/2021,2,158213,763,435541,236019,1,Manufacturing
6/12/2021,7,598448,589,67412,272307,0,Other
6/13/2021,9,274657,814,442182,116690,0,Manufacturing
6/14/2021,13,1040428,597,328814,49059,1,Manufacturing
6/15/2021,1,76681,814,180464,78414,1,Manufacturing
6/16/2021,5,697421,581,375691,58028,1,Other
6/17/2021,9,550805,833,497332,207227,0,Retail
6/18/2021,18,112752,618,216743,190714,1,Manufacturing
6/19/2021,1,1810514,792,202905,240186,0,Other
6/20/2021,7,1698848,633,372287,167449,1,Retail
6/21/2021,18,1322109,505,357490,81941,1,Manufacturing
6/22/2021,6,291161,679,50331,296313,1,Services
6/23/2021,8,1716527,652,375573,257843,1,Manufacturing
6/24/2021,14,1633426,667,44330,202348,0,Services
6/25/2021,2,1913779,720,176206,57392,0,Services
6/26/2021,18,1738238,723,433235,216843,1,Services
6/27/2021,15,892147,596,29774,180043,1,Other
6/28/2021,2,1514164,831,310205,122190,0,Other
6/29/2021,19,82297,666,282075,50991,1,Services
6/30/2021,7,1636780,733,409830,216175,0,Retail
7/1/2021,16,1379194,605,389392,174790,0,Other
7/2/2021,15,418732,544,413229,257555,1,Services
7/3/2021,13,1846371,778,335614,102237,1,Services
7/4/2021,12,893659,744,381584,112806,1,Manufacturing
7/5/2021,11,1218264,724,219902,88599,0,Other
7/6/2021,11,1008014,764,402911,221183,0,Services
7/7/2021,17,306045,699,198623,91468,0,Manufacturing
7/8/2021,17,1668771,518,24485,2877,0,Services
7/9/2021,7,131674,749,402044,96976,1,Manufacturing
7/10/2021,12,1761714,519,408835,90774,1,Services
7/11/2021,10,1806168,786,25651,95056,0,Retail
7/12/2021,9,1273782,657,304056,279590,0,Manufacturing
7/13/2021,18,790717,578,438288,161764,1,Retail
7/14/2021,13,178061,527,91780,32730,1,Other
7/15/2021,7,473146,826,325647,185619,1,Other
7/16/2021,19,1072062,740,491145,50115,0,Services
7/17/2021,14,766573,695,218319,258119,0,Manufacturing
7/18/2021,2,276058,598,309504,88783,1,Other
7/19/2021,6,1100778,681,27764,132624,1,Other
7/20/2021,12,1409635,848,280686,180342,0,Retail
7/21/2021,14,1944046,833,215904,17444,0,Retail
7/22/2021,5,381409,525,328511,136673,1,Services
7/23/2021,14,758868,683,145864,43365,1,Services
7/24/2021,10,1791346,633,258188,131569,1,Services
7/25/2021,11,1747963,579,280045,228336,0,Services
7/26/2021,13,1806486,600,445729,158602,0,Other
7/27/2021,12,623668,722,311039,83936,0,Other
7/28/2021,18,1011815,665,141620,249073,1,Retail
7/29/2021,7,606362,544,171181,247202,1,Manufacturing
7/30/2021,8,1573100,778,400316,272681,0,Retail
7/31/2021,19,1470297,785,261684,178598,0,Services
8/1/2021,18,1772270,844,453359,297514,0,Other
8/2/2021,19,1831961,820,367870,250112,1,Manufacturing
8/3/2021,17,1879190,843,52835,2700,0,Retail
8/4/2021,2,109196,528,57582,93196,1,Services
8/5/2021,5,1315119,653,217274,14240,0,Retail
8/6/2021,3,1577047,512,472477,231587,1,Retail
8/7/2021,10,1558789,654,117990,145103,0,Manufacturing
8/8/2021,4,1856799,669,223803,286361,1,Retail
8/9/2021,14,138170,685,94576,57051,1,Services
8/10/2021,3,421360,710,450220,31200,0,Services
8/11/2021,5,1298651,699,56146,199886,0,Services
8/12/2021,1,481578,663,488452,252140,1,Services
8/13/2021,11,1553917,526,321138,243418,1,Manufacturing
8/14/2021,5,911530,804,67221,80001,0,Retail
8/15/2021,4,280064,624,163818,204273,1,Manufacturing
8/16/2021,18,703175,845,458959,42497,0,Retail
8/17/2021,10,534840,636,130475,69014,0,Services
8/18/2021,2,1018216,782,215579,51984,0,Services
8/19/2021,6,1469352,759,396692,107315,0,Services
8/20/2021,7,1023890,834,356310,23564,0,Manufacturing
8/21/2021,11,545812,526,327367,150780,0,Services
8/22/2021,12,1261694,797,484047,227835,1,Other
8/23/2021,12,456585,678,414387,247364,1,Manufacturing
8/24/2021,15,789067,745,157108,8272,0,Retail
8/25/2021,3,1373263,724,85540,152147,0,Services
8/26/2021,2,1625487,785,106167,237093,1,Retail
8/27/2021,7,768363,760,107122,250699,1,Manufacturing
8/28/2021,3,260173,696,72993,91376,0,Other
8/29/2021,18,1780462,630,406528,92439,0,Manufacturing
8/30/2021,13,1814656,787,160621,38397,0,Services
8/31/2021,1,1937968,597,215410,280439,0,Services
9/1/2021,19,409639,790,357546,84970,1,Other
9/2/2021,7,859729,640,479997,31309,0,Services
9/3/2021,5,246088,501,29482,160764,1,Retail
9/4/2021,5,1004795,686,25353,4849,0,Retail
9/5/2021,14,1999778,614,234290,101312,1,Retail
9/6/2021,9,1501624,834,148788,222371,0,Manufacturing
9/7/2021,4,1519305,568,249404,112450,1,Retail
9/8/2021,1,1575573,783,179746,22732,1,Other
9/9/2021,2,1627518,785,334476,202668,1,Manufacturing
9/10/2021,10,1799731,771,260579,199082,0,Services
9/11/2021,6,1878711,601,15149,238491,0,Manufacturing
9/12/2021,4,1362811,800,420975,289219,1,Services
9/13/2021,3,1994036,802,114432,157870,1,Manufacturing
9/14/2021,10,1208346,542,93263,139722,0,Retail
9/15/2021,9,988317,600,491452,190078,0,Other
9/16/2021,4,1905095,674,237885,80949,1,Retail
9/17/2021,6,1953496,510,215844,122315,0,Retail
9/18/2021,9,1860498,724,226167,130762,0,Other
9/19/2021,10,1292141,774,371237,195191,1,Manufacturing
9/20/2021,5,277556,541,35434,245273,1,Manufacturing
9/21/2021,15,172208,701,291374,18906,1,Other
9/22/2021,8,1721875,797,260779,48737,0,Services
9/23/2021,2,546248,557,197510,38414,1,Other
9/24/2021,18,1144031,819,391285,256140,0,Services
9/25/2021,14,1179713,556,270651,126143,1,Manufacturing
9/26/2021,11,812350,657,282840,149211,1,Other
9/27/2021,8,448103,529,186772,189865,1,Retail
9/28/2021,14,618712,589,440161,132977,1,Retail
9/29/2021,9,1780618,810,142259,106256,0,Services
9/30/2021,9,912097,615,479483,144270,1,Retail
10/1/2021,15,430491,838,244056,153064,0,Retail
10/2/2021,3,796763,652,390876,240659,1,Retail
10/3/2021,7,120711,782,87692,43216,1,Retail
10/4/2021,6,1009381,668,14142,61316,0,Other
10/5/2021,11,1378323,824,167420,240834,0,Services
10/6/2021,8,624049,613,200550,19126,1,Services
10/7/2021,10,872730,741,122695,181122,1,Manufacturing
10/8/2021,9,101095,835,325238,33270,1,Other
10/9/2021,18,457377,782,143216,230737,0,Retail
10/10/2021,3,1769018,637,59960,276118,0,Services
10/11/2021,3,1258851,746,403823,47802,0,Retail
10/12/2021,12,648328,567,285587,5464,0,Manufacturing
10/13/2021,8,419723,716,241399,112224,1,Manufacturing
10/14/2021,19,1215054,527,64966,164498,0,Manufacturing
10/15/2021,2,271642,666,35212,172922,0,Services
10/16/2021,16,1753912,719,358328,56689,0,Manufacturing
10/17/2021,5,772630,840,157413,222040,0,Retail
10/18/2021,10,830156,576,236086,207511,1,Manufacturing
10/19/2021,8,186079,840,117510,201099,1,Retail
10/20/2021,15,1765049,706,337620,11580,0,Retail
10/21/2021,3,147379,548,84904,38992,1,Retail
10/22/2021,2,1666415,711,350350,142094,0,Retail
10/23/2021,7,937934,602,499466,89447,1,Services
10/24/2021,3,1877045,557,427322,164237,1,Other
10/25/2021,14,1071853,806,450490,28983,1,Other
10/26/2021,7,809617,714,314237,184789,0,Manufacturing
10/27/2021,8,555944,762,191792,142116,0,Retail
10/28/2021,6,1647627,588,397743,295750,1,Other
10/29/2021,5,621954,556,230226,259590,1,Manufacturing
10/30/2021,18,1450701,760,275882,53242,0,Manufacturing
10/31/2021,14,376001,610,293663,295196,1,Services
11/1/2021,4,990850,664,497588,163494,1,Retail
11/2/2021,6,878319,726,55943,42878,0,Retail
11/3/2021,4,171539,662,91540,1021,1,Other
11/4/2021,17,208422,552,417220,44496,1,Other
11/5/2021,14,1417290,717,491810,161559,1,Other
11/6/2021,2,1642560,801,165087,5809,0,Services
11/7/2021,2,114473,637,499150,134648,1,Services
11/8/2021,15,1616831,626,288214,92340,1,Services
11/9/2021,3,1555230,715,83281,48931,0,Manufacturing
11/10/2021,15,408421,515,284699,30478,1,Retail
11/11/2021,2,1810293,646,400462,214915,1,Manufacturing
11/12/2021,9,1907823,631,104318,201145,1,Retail
11/13/2021,19,1282159,565,44428,119488,1,Manufacturing
11/14/2021,18,308649,551,135792,281397,1,Retail
11/15/2021,10,877125,536,385413,153201,1,Other
11/16/2021,8,1225361,842,495006,98629,0,Manufacturing
11/17/2021,4,604321,600,12497,470,1,Manufacturing
11/18/2021,13,527402,612,110547,81209,1,Retail
11/19/2021,7,149786,599,52788,296734,1,Retail
11/20/2021,3,574810,760,249584,68021,0,Retail
11/21/2021,16,94858,796,284520,39319,1,Services
11/22/2021,12,635574,836,200794,80993,0,Other
11/23/2021,12,358457,846,39057,261728,1,Retail
11/24/2021,6,513478,606,310137,257839,1,Services
11/25/2021,6,1863668,514,31641,229808,1,Services
11/26/2021,4,601672,831,233585,133731,0,Manufacturing
11/27/2021,3,639748,682,173424,70611,1,Services
11/28/2021,17,451445,578,285655,151279,1,Retail
11/29/2021,8,528231,794,15528,150524,0,Other
11/30/2021,4,1679320,757,78081,178893,1,Services
12/1/2021,11,957989,538,351930,54848,1,Other
12/2/2021,11,231900,722,305796,20343,1,Retail
12/3/2021,12,124893,603,104132,288294,1,Retail
12/4/2021,11,1899201,807,412717,208730,0,Other
12/5/2021,18,1171579,752,147939,226338,0,Services
12/6/2021,15,696114,533,322935,135600,1,Services
12/7/2021,8,1012745,666,284888,155118,1,Services
12/8/2021,11,676112,610,302242,44522,1,Manufacturing
12/9/2021,6,1192983,708,227626,97939,0,Services
12/10/2021,13,940891,508,457827,63565,1,Manufacturing
12/11/2021,2,308677,734,310727,229357,1,Retail
12/12/2021,17,459123,517,234128,180813,1,Services
12/13/2021,2,675389,793,349739,153960,1,Other
12/14/2021,18,950403,512,402863,283835,1,Manufacturing
12/15/2021,12,1471617,760,480740,218911,0,Services
12/16/2021,18,688221,547,465404,129714,1,Retail
12/17/2021,11,1466848,820,130676,288748,0,Retail
12/18/2021,9,1792825,550,242540,53833,0,Retail
12/19/2021,6,1944865,670,215998,174030,0,Manufacturing
12/20/2021,4,402403,606,314047,35774,1,Other
12/21/2021,5,634961,805,52472,103337,0,Services
12/22/2021,19,1881638,568,215539,137460,0,Manufacturing
12/23/2021,5,1735886,508,291957,291389,0,Manufacturing
12/24/2021,5,1235930,543,39054,42670,1,Retail
12/25/2021,1,1180765,551,97377,87116,1,Retail
12/26/2021,7,734337,529,325058,134136,1,Services
12/27/2021,3,873156,637,200247,120353,1,Other
12/28/2021,15,671707,794,439509,201957,1,Other
12/29/2021,7,335202,533,415763,256266,1,Manufacturing
12/30/2021,16,726577,725,489411,137432,0,Other
12/31/2021,13,417858,513,413945,80096,1,Manufacturing
1/1/2022,2,1552556,722,345034,177509,1,Manufacturing
1/2/2022,2,84904,846,260475,220383,1,Services
1/3/2022,14,231667,673,127163,77441,0,Services
1/4/2022,2,1716053,843,176655,175645,0,Retail
1/5/2022,13,1153387,561,363264,198220,1,Retail
1/6/2022,10,288659,789,84977,262203,1,Retail
1/7/2022,5,1075936,803,311932,243902,1,Services
1/8/2022,16,362430,736,444512,90517,1,Services
1/9/2022,7,738834,626,35218,18907,0,Retail
1/10/2022,9,1074934,574,189980,282802,0,Manufacturing
1/11/2022,7,1341917,844,117000,265982,0,Retail
1/12/2022,2,1924440,554,167752,15658,0,Other
1/13/2022,4,480026,800,279636,270291,0,Manufacturing
1/14/2022,12,1588330,527,91917,156411,1,Services
1/15/2022,2,1483208,616,455245,160285,0,Manufacturing
1/16/2022,2,909694,698,459202,65108,1,Services
1/17/2022,2,978704,698,35546,140777,0,Retail
1/18/2022,10,967326,728,325789,145746,1,Manufacturing
1/19/2022,5,1688995,782,309839,22905,0,Other
1/20/2022,7,268031,626,411771,82613,1,Retail
1/21/2022,12,1170061,521,18345,268872,1,Retail
1/22/2022,11,1911982,534,432972,266856,0,Retail
1/23/2022,16,782216,848,265072,143977,0,Retail
1/24/2022,19,1384332,563,453367,206115,0,Retail
1/25/2022,10,987873,635,144181,76417,1,Other
1/26/2022,1,1482163,529,478921,214517,1,Services
1/27/2022,8,1221023,818,333142,184529,1,Manufacturing
1/28/2022,14,1682054,805,355391,165493,0,Retail
1/29/2022,9,1156902,631,439529,23152,0,Retail
1/30/2022,17,1212447,672,338149,60082,0,Other
1/31/2022,19,1042768,819,366949,158137,0,Services
2/1/2022,14,1116500,506,292719,278363,1,Manufacturing
2/2/2022,5,1575658,525,133892,291449,1,Manufacturing
2/3/2022,15,1653036,654,429208,138487,1,Retail
2/4/2022,2,1892966,751,248967,59212,0,Manufacturing
2/5/2022,11,998811,828,479800,167931,1,Services
2/6/2022,19,366255,847,132180,189580,0,Manufacturing
2/7/2022,4,764606,548,388585,260157,0,Other
2/8/2022,12,412860,551,307671,35230,1,Manufacturing
2/9/2022,19,226921,661,181525,98226,1,Retail
2/10/2022,3,991363,733,396249,179323,1,Other
2/11/2022,2,504061,737,379434,240474,1,Services
2/12/2022,4,1465571,665,73364,104261,0,Other
2/13/2022,8,705312,725,365175,59379,0,Manufacturing
2/14/2022,15,722437,521,143142,42308,0,Services
2/15/2022,18,1155925,728,224033,169715,1,Other
2/16/2022,5,789963,608,129694,14289,0,Other
2/17/2022,12,930633,522,73347,150709,1,Services
2/18/2022,12,1984857,750,196842,163855,0,Services
2/19/2022,5,980934,782,406980,149930,0,Other
2/20/2022,7,1815447,707,62473,120847,0,Manufacturing
2/21/2022,14,196831,530,495862,184576,1,Services
2/22/2022,7,1892698,627,411073,22038,0,Other
2/23/2022,8,713212,601,101527,293381,1,Manufacturing
2/24/2022,1,1903647,501,93176,129388,1,Other
2/25/2022,8,80983,781,310892,280146,1,Manufacturing
2/26/2022,15,1510743,842,274983,216104,0,Retail
2/27/2022,3,293506,577,290370,69371,1,Other
2/28/2022,13,472464,502,441775,123432,1,Manufacturing
3/1/2022,7,1925105,795,277372,162185,0,Other
3/2/2022,13,1607226,645,428420,157267,1,Other
3/3/2022,18,743424,751,129187,100517,0,Manufacturing
3/4/2022,19,781570,740,301365,253246,1,Services
3/5/2022,4,100751,684,418467,185606,1,Other
3/6/2022,5,1629859,742,333427,231983,0,Services
3/7/2022,18,125868,788,364278,123241,1,Manufacturing
3/8/2022,2,358761,628,447786,64203,1,Manufacturing
3/9/2022,6,799681,655,116846,138768,1,Other
3/10/2022,6,633803,791,441647,236498,1,Other
3/11/2022,14,1761681,707,86565,15305,0,Other
3/12/2022,7,367333,651,427158,224700,1,Retail
3/13/2022,5,186666,533,115459,208581,1,Other
3/14/2022,2,1765532,504,443612,120666,1,Retail
3/15/2022,13,1736279,810,142966,87675,0,Retail
3/16/2022,1,1222262,818,147368,287779,0,Other
3/17/2022,16,539990,639,170506,140982,1,Services
3/18/2022,9,1158714,807,440102,51608,1,Other
3/19/2022,19,1086468,657,431538,68364,1,Services
3/20/2022,4,1340948,532,55302,224986,1,Retail
3/21/2022,2,278970,515,76272,19941,1,Other
3/22/2022,3,1615801,810,225002,232192,1,Retail
3/23/2022,1,1468259,844,488457,298851,1,Manufacturing
3/24/2022,1,325804,572,419632,37592,0,Retail
3/25/2022,2,1790701,601,343445,146249,0,Manufacturing
3/26/2022,18,975255,847,171510,151515,0,Other
3/27/2022,19,1299936,706,398159,127330,0,Retail
3/28/2022,9,1684914,815,160670,245287,0,Services
3/29/2022,14,1422401,557,138851,150376,1,Other
3/30/2022,7,887754,782,255399,97833,0,Retail
3/31/2022,3,1624555,835,279871,128659,1,Services
4/1/2022,9,1816293,752,373649,88280,0,Retail
4/2/2022,10,367200,777,171354,95680,0,Other
4/3/2022,4,452711,801,327321,158829,0,Other
4/4/2022,14,1239929,582,31860,74603,1,Retail
4/5/2022,13,277865,506,12200,203519,1,Other
4/6/2022,7,226989,805,78544,57033,1,Other
4/7/2022,2,756968,674,249330,109145,1,Other
4/8/2022,19,137119,623,458329,258761,1,Services
4/9/2022,10,408160,784,412117,20015,0,Services
4/10/2022,7,464268,501,433175,170728,1,Other
4/11/2022,11,1911657,654,72484,16839,1,Retail
4/12/2022,3,166689,812,147433,216163,1,Retail
4/13/2022,13,749942,819,10025,57972,1,Retail
4/14/2022,6,1404632,544,133976,185538,1,Manufacturing
4/15/2022,4,557656,517,408971,170400,1,Retail
4/16/2022,17,1311417,723,376162,285584,0,Manufacturing
4/17/2022,17,1896959,682,249520,193657,1,Retail
4/18/2022,8,316165,590,149112,209990,1,Services
4/19/2022,4,1483867,668,151919,79241,1,Other
4/20/2022,12,851084,631,225473,114638,1,Other
4/21/2022,14,1184380,542,483056,115363,1,Manufacturing
4/22/2022,1,1040747,637,276696,131133,1,Other
4/23/2022,19,800683,780,296055,245340,0,Manufacturing
4/24/2022,15,1355168,683,102228,288778,0,Other
4/25/2022,17,1577974,671,405571,71473,1,Retail
4/26/2022,12,1457605,749,315107,257227,0,Retail
4/27/2022,11,1833011,512,134548,69834,0,Services
4/28/2022,17,1419042,768,32404,145546,1,Retail
4/29/2022,16,425693,618,461025,117746,1,Retail
4/30/2022,5,1407972,528,373114,213163,1,Other
5/1/2022,17,1335213,773,472742,121282,0,Services
5/2/2022,15,501907,694,206437,122025,0,Services
5/3/2022,15,635855,702,191854,97227,0,Services
5/4/2022,17,1331006,632,120594,271633,1,Other
5/5/2022,18,731361,830,323933,109169,1,Retail
5/6/2022,4,901606,600,307939,48839,1,Retail
5/7/2022,1,1558472,596,227677,261706,1,Manufacturing
5/8/2022,18,185184,746,72051,157197,1,Other
5/9/2022,9,1017078,525,288891,78898,1,Other
5/10/2022,8,1780023,674,106567,182205,0,Manufacturing
5/11/2022,13,1555654,648,411930,32833,1,Other
5/12/2022,16,710891,548,57331,157551,0,Services
5/13/2022,4,1657234,760,400397,250576,0,Other
5/14/2022,13,1329978,821,361472,49421,0,Other
5/15/2022,18,992203,522,370908,25074,1,Other
5/16/2022,5,858180,773,122890,143147,0,Services
5/17/2022,17,762453,697,209538,249624,0,Manufacturing
5/18/2022,10,1199262,532,396332,139863,1,Retail
5/19/2022,10,426524,689,201592,296212,1,Other
5/20/2022,11,1477002,837,23931,283838,0,Manufacturing
5/21/2022,18,1699581,759,16654,21811,0,Retail
5/22/2022,3,1666588,742,148632,6038,0,Services
5/23/2022,11,1270757,643,44437,288235,1,Manufacturing
5/24/2022,6,1170640,714,106901,106808,0,Manufacturing
5/25/2022,8,1910229,649,54131,244202,1,Other
5/26/2022,12,86633,695,158112,12099,1,Other
5/27/2022,1,1841476,768,394911,94998,0,Retail
5/28/2022,1,476711,712,323479,150835,1,Retail
5/29/2022,2,1497583,594,138451,258996,0,Manufacturing
5/30/2022,10,678746,669,344105,244327,1,Manufacturing
5/31/2022,7,1848073,823,133866,204588,0,Other
6/1/2022,17,1765841,704,301486,180047,1,Retail
6/2/2022,19,1788024,698,137398,105957,0,Retail
6/3/2022,2,1833480,567,342498,39428,1,Manufacturing
6/4/2022,1,398261,819,284797,235916,1,Services
6/5/2022,10,1528857,621,371886,176233,1,Services
6/6/2022,18,1668430,631,57907,13482,0,Manufacturing
6/7/2022,16,1331749,513,88059,1213,1,Retail
6/8/2022,10,227663,536,356662,84779,1,Retail
6/9/2022,5,154235,700,76565,96196,1,Services
6/10/2022,1,763062,756,103799,136536,1,Services
6/11/2022,12,1522809,512,362476,22614,1,Other
6/12/2022,11,1872027,600,102442,195672,0,Retail
6/13/2022,2,414037,537,294177,297095,1,Manufacturing
6/14/2022,2,1068820,750,330351,25239,0,Other
6/15/2022,18,1246256,542,298865,222444,1,Manufacturing
6/16/2022,15,804164,832,64546,270255,0,Retail
6/17/2022,8,856477,565,244149,212634,1,Other
6/18/2022,2,1343170,512,404479,165489,1,Retail
6/19/2022,1,1097791,,305462,157205,1,Services
6/20/2022,16,566088,696,266102,44615,0,Manufacturing
6/21/2022,19,1441200,652,134728,297994,0,Services
6/22/2022,4,1877814,738,215283,74431,0,Other
6/23/2022,5,734248,780,426107,14317,1,Manufacturing
6/24/2022,13,588147,510,76417,131105,1,Other
6/25/2022,10,1592020,588,359540,199843,0,Manufacturing
6/26/2022,8,373574,514,298068,147606,1,Manufacturing
6/27/2022,7,1486416,669,165219,233131,1,Other
6/28/2022,16,1993472,646,33500,264991,0,Other
6/29/2022,10,1585565,568,326499,161110,0,Services
6/30/2022,19,1535944,798,185616,174990,0,Other
7/1/2022,1,738451,673,97045,33222,1,Other
7/2/2022,6,1045191,780,223569,214267,0,Other
7/3/2022,6,661516,657,79249,291205,1,Other
7/4/2022,3,71324,703,318288,2742,1,Retail
7/5/2022,7,1003826,585,92562,63292,1,Retail
7/6/2022,19,526996,837,229871,44426,0,Manufacturing
7/7/2022,6,992418,745,465370,153120,0,Manufacturing
7/8/2022,6,1282956,790,147691,166011,0,Manufacturing
7/9/2022,6,1305733,779,272935,55470,0,Services
7/10/2022,14,1565976,844,386094,167962,0,Other
7/11/2022,17,962751,522,210373,127244,0,Services
7/12/2022,2,1705690,818,218297,127762,0,Manufacturing
7/13/2022,7,1662140,608,162561,156077,0,Retail
7/14/2022,13,1213162,502,198584,162011,1,Other
7/15/2022,9,1203882,817,364096,121829,0,Retail
7/16/2022,12,825195,500,339488,188996,1,Retail
7/17/2022,9,676727,521,311705,234663,1,Other
7/18/2022,14,389401,751,241389,165789,1,Services
7/19/2022,3,682002,520,364012,292312,1,Retail
7/20/2022,16,1844987,532,245109,72507,0,Services
7/21/2022,8,69361,732,10270,179078,1,Other
7/22/2022,18,702171,675,289230,249952,1,Services
7/23/2022,19,836821,530,79285,125389,1,Manufacturing
7/24/2022,1,665046,550,108999,2400,0,Other
7/25/2022,10,847825,532,280502,188382,1,Other
7/26/2022,2,1437545,579,20207,130680,1,Manufacturing
7/27/2022,12,1543856,789,409618,48960,0,Services
7/28/2022,19,1922855,732,276566,278407,1,Manufacturing
7/29/2022,6,1671326,608,376899,181171,1,Retail
7/30/2022,16,913665,651,364724,195245,1,Manufacturing
7/31/2022,11,1040998,752,10070,174026,0,Services
8/1/2022,19,811043,581,121399,218642,0,Manufacturing
8/2/2022,7,1716370,537,144632,222865,1,Services
8/3/2022,7,1488602,652,90168,214892,1,Manufacturing
8/4/2022,3,336033,650,421300,20229,1,Services
8/5/2022,14,1196673,796,176859,81791,1,Services
8/6/2022,5,1236163,599,376271,259609,0,Other
8/7/2022,1,1300433,826,241229,165787,0,Other
8/8/2022,4,1038961,509,194919,217575,1,Other
8/9/2022,4,1889739,565,444390,60610,1,Services
8/10/2022,11,1753570,603,228311,258218,1,Other
8/11/2022,18,176565,648,439570,234352,1,Services
8/12/2022,16,389287,686,137750,120849,1,Manufacturing
8/13/2022,7,113625,569,414828,32193,1,Other
8/14/2022,2,1357983,585,114143,277392,0,Manufacturing
8/15/2022,18,1266646,771,320772,26442,0,Manufacturing
8/16/2022,11,1214626,515,30005,209496,0,Retail
8/17/2022,15,559619,697,99362,228628,1,Other
8/18/2022,3,949737,837,177615,179592,0,Services
8/19/2022,18,1000898,573,471673,238179,1,Other
8/20/2022,14,1382700,514,156628,208234,0,Services
8/21/2022,8,902091,557,343492,90859,1,Manufacturing
8/22/2022,11,499785,727,338014,23466,0,Manufacturing
8/23/2022,17,1876847,661,32003,112376,0,Retail
8/24/2022,8,1841726,510,321546,185648,1,Other
8/25/2022,8,225947,679,72776,59640,1,Manufacturing
8/26/2022,1,1329974,791,171732,73091,0,Manufacturing
8/27/2022,6,1228928,734,394291,111218,1,Other
8/28/2022,5,92879,740,431768,206071,1,Services
8/29/2022,17,1707242,714,244185,191217,0,Other
8/30/2022,4,1293993,703,102715,9836,0,Services
8/31/2022,11,851943,564,353788,88089,1,Services
9/1/2022,13,740497,502,481796,204680,1,Retail
9/2/2022,7,1712878,599,164942,239084,1,Manufacturing
9/3/2022,10,1557338,688,101290,270539,0,Services
9/4/2022,1,274264,599,443726,138281,1,Manufacturing
9/5/2022,12,392515,746,223582,134979,0,Other
9/6/2022,7,363588,781,312109,31368,1,Services
9/7/2022,1,209480,808,58896,141955,0,Other
9/8/2022,16,1438446,635,245438,67665,0,Services
9/9/2022,12,1925614,602,470318,203384,1,Manufacturing
9/10/2022,1,892589,775,240303,10738,1,Retail
9/11/2022,19,1651637,813,384856,251311,0,Services
9/12/2022,11,1701035,510,361948,24442,0,Retail
9/13/2022,5,380841,635,12193,188929,1,Retail
9/14/2022,15,1630243,683,337397,80300,0,Services
9/15/2022,8,180024,812,364125,111073,1,Services
9/16/2022,1,452081,531,422066,50463,1,Manufacturing
9/17/2022,17,1549167,831,104642,259987,1,Other
9/18/2022,19,57236,731,100129,32121,1,Retail
9/19/2022,15,138157,674,28461,288794,1,Retail
9/20/2022,9,1777779,595,331524,198733,0,Manufacturing
9/21/2022,3,1526258,513,212616,285634,1,Services
9/22/2022,17,266177,692,472029,61815,1,Manufacturing
9/23/2022,14,715692,555,263653,116560,0,Other
9/24/2022,1,1456403,659,260907,13397,0,Services
9/25/2022,13,818501,832,486719,68250,0,Other
9/26/2022,9,1404635,676,37907,112382,1,Services
9/27/2022,8,1629818,619,21792,108099,1,Services
9/28/2022,4,1176966,794,472035,188002,0,Retail
9/29/2022,12,1599686,515,264192,69797,1,Other
9/30/2022,3,1366332,639,187532,62554,0,Manufacturing
10/1/2022,1,717808,710,206429,85311,1,Retail
10/2/2022,6,1443224,768,465130,191081,0,Manufacturing
10/3/2022,16,767328,834,376818,123819,1,Services
10/4/2022,4,1222919,800,409996,80948,0,Services
10/5/2022,11,1385799,661,320927,127567,1,Other
10/6/2022,4,925408,638,494070,159865,1,Retail
10/7/2022,6,1954921,714,328229,228750,1,Retail
10/8/2022,1,1990041,828,12487,211223,0,Retail
10/9/2022,19,660747,832,15433,175798,0,Manufacturing
10/10/2022,12,684202,781,76942,202263,0,Retail
10/11/2022,11,170683,784,56034,188350,1,Other
10/12/2022,10,1046157,507,46675,46160,1,Services
10/13/2022,2,1715974,705,60600,64058,1,Services
10/14/2022,13,263444,559,143420,242611,1,Other
10/15/2022,8,85215,628,32916,260292,1,Services
10/16/2022,19,881390,772,94348,73793,0,Manufacturing
10/17/2022,3,1987193,545,338445,94843,0,Other
10/18/2022,17,1942221,674,45848,189065,0,Services
10/19/2022,10,1109101,695,164248,240347,0,Other
10/20/2022,12,884105,768,54765,179953,0,Other
10/21/2022,19,1576229,845,193243,195712,0,Services
10/22/2022,5,220044,568,160888,226333,1,Other
10/23/2022,16,1479473,555,119983,227708,0,Manufacturing
10/24/2022,5,438896,569,391257,236662,1,Services
10/25/2022,9,1521915,738,218093,156528,0,Manufacturing
10/26/2022,10,237055,616,149779,155583,1,Manufacturing
10/27/2022,15,1521792,659,481636,166281,1,Other
10/28/2022,7,1083374,521,205637,191143,0,Retail
10/29/2022,19,1382041,562,35700,151637,1,Services
10/30/2022,12,388495,656,52644,250430,1,Services
10/31/2022,14,650477,844,11615,296887,0,Manufacturing
11/1/2022,16,1114474,690,127990,44434,0,Retail
11/2/2022,9,1475415,512,12373,47708,1,Other
11/3/2022,3,1361600,780,271967,265848,0,Other
11/4/2022,5,1193302,694,141099,36286,0,Manufacturing
11/5/2022,15,1182875,601,143593,190828,0,Manufacturing
11/6/2022,9,201068,650,32891,162852,0,Manufacturing
11/7/2022,7,455460,654,135645,280336,1,Services
11/8/2022,14,1244462,538,162045,44018,1,Other
11/9/2022,1,124329,730,352485,116794,1,Services
11/10/2022,14,1752569,748,147814,286393,1,Other
11/11/2022,8,525343,610,431202,165218,1,Manufacturing
11/12/2022,3,97043,,393976,297336,1,Services
11/13/2022,7,507713,648,470332,150148,1,Manufacturing
11/14/2022,11,942501,582,420275,155961,1,Manufacturing
11/15/2022,5,1477700,607,201593,253689,1,Other
11/16/2022,5,814042,719,419238,271705,1,Retail
11/17/2022,14,1641004,625,50597,295287,1,Other
11/18/2022,2,1061151,550,444052,240146,1,Services
11/19/2022,10,464731,821,485542,216868,1,Manufacturing
11/20/2022,12,891293,662,357150,223665,1,Manufacturing
11/21/2022,14,676301,804,188461,217331,0,Services
11/22/2022,1,616057,563,174507,121041,1,Services
11/23/2022,14,1768623,524,60234,219910,0,Other
11/24/2022,2,1531184,834,15948,282492,0,Services
11/25/2022,18,624957,656,394987,30019,0,Services
11/26/2022,17,694443,741,469501,6713,0,Other
11/27/2022,9,1367405,629,87370,114505,0,Retail
11/28/2022,3,1219150,670,202994,296915,0,Retail
11/29/2022,8,898724,667,354817,284244,0,Other
11/30/2022,17,888244,541,28501,215490,1,Services
12/1/2022,12,371081,838,69754,16169,0,Manufacturing
12/2/2022,14,621027,529,349965,21901,1,Manufacturing
12/3/2022,18,1794848,792,24993,18908,0,Manufacturing
12/4/2022,6,1662788,602,439162,285672,1,Other
12/5/2022,13,672573,812,167732,256525,0,Manufacturing
12/6/2022,4,1825288,723,399200,78887,0,Services
12/7/2022,19,634332,832,427476,75260,0,Other
12/8/2022,11,1580017,624,427480,56632,1,Retail
12/9/2022,16,1725861,662,112934,115573,0,Other
12/10/2022,3,1462729,607,357907,261987,0,Manufacturing
12/11/2022,6,229624,601,425713,230508,1,Other
12/12/2022,15,92078,663,412653,206715,1,Manufacturing
12/13/2022,16,724767,591,173520,255247,1,Manufacturing
12/14/2022,4,1658093,787,149433,151385,0,Retail
12/15/2022,18,1441268,840,249662,49803,0,Manufacturing
12/16/2022,17,1033885,704,244908,59390,0,Services
12/17/2022,17,1195346,630,91521,277429,0,Other
12/18/2022,17,1163719,550,314872,141787,1,Manufacturing
12/19/2022,1,1387625,611,208793,168356,0,Services
12/20/2022,12,1814256,519,354625,36240,1,Retail
12/21/2022,1,336824,550,148054,145811,1,Retail
12/22/2022,16,175770,652,172363,93144,1,Other
12/23/2022,12,1518664,615,263673,180230,0,Retail
12/24/2022,13,172547,697,448924,121185,1,Services
12/25/2022,18,373098,669,95103,110857,0,Services
12/26/2022,12,1214820,663,106893,60856,0,Manufacturing
12/27/2022,7,948196,650,409633,258476,1,Retail
12/28/2022,3,752124,672,474718,154627,1,Retail
12/29/2022,11,1215873,679,224003,58607,0,Other
12/30/2022,13,1557371,627,222185,109888,1,Other
12/31/2022,3,1481931,685,248868,23287,0,Services
1/1/2023,15,1682401,766,18881,266262,0,Services
1/2/2023,10,1849459,542,463832,248619,1,Manufacturing
1/3/2023,13,1314700,846,499862,209770,0,Services
1/4/2023,18,1665967,618,444612,103442,0,Retail
1/5/2023,3,1819018,700,454606,256961,1,Services
1/6/2023,3,1704974,536,429291,75410,1,Services
1/7/2023,11,802706,774,400744,249017,0,Retail
1/8/2023,14,249562,515,186245,86403,1,Other
1/9/2023,19,505070,557,27525,117004,0,Retail
1/10/2023,17,495021,624,487609,266739,1,Retail
1/11/2023,16,1468132,629,146625,237078,0,Other
1/12/2023,18,837079,648,454704,206441,0,Retail
1/13/2023,10,346468,620,61123,98071,0,Retail
1/14/2023,17,1778075,506,144210,267971,1,Retail
1/15/2023,2,1892909,701,140421,234915,0,Other
1/16/2023,,1949926,655,15362,37240,0,Manufacturing
1/17/2023,11,808828,603,460670,55895,1,Manufacturing
1/18/2023,11,1535498,578,189415,53756,1,Services
1/19/2023,9,1352841,630,298665,85175,0,Other
1/20/2023,2,1974069,634,449978,206552,0,Services
1/21/2023,16,1724023,544,445660,238255,1,Services
1/22/2023,17,1179231,526,193677,145867,1,Retail
1/23/2023,10,1353742,654,196748,206730,0,Other
1/24/2023,6,69727,565,245248,151876,1,Services
1/25/2023,19,1863195,691,185394,92151,1,Retail
1/26/2023,4,611670,842,367289,67792,1,Other
1/27/2023,15,957162,793,239765,75739,0,Services
1/28/2023,18,754117,513,400789,256925,1,Manufacturing
1/29/2023,4,1707833,630,491097,39185,1,Retail
1/30/2023,18,627907,505,10560,34494,1,Other
1/31/2023,16,736214,849,188500,78279,0,Retail
2/1/2023,14,501540,773,396722,118874,0,Services
2/2/2023,12,765750,541,190265,1492,1,Retail
2/3/2023,7,891901,684,209328,93272,0,Retail
2/4/2023,11,1706013,588,428335,9904,1,Other
2/5/2023,4,1229619,596,248841,56570,1,Other
2/6/2023,18,1607753,624,374473,31107,1,Services
2/7/2023,16,1147179,677,254569,253608,1,Services
2/8/2023,12,1411447,688,328416,227153,0,Other
2/9/2023,14,1512939,678,451801,254087,0,Services
2/10/2023,1,1053048,759,65087,117093,0,Retail
2/11/2023,4,995151,838,302646,214478,1,Services
2/12/2023,9,1937359,602,202159,152814,1,Other
2/13/2023,18,57564,650,455306,42974,1,Services
2/14/2023,5,797196,798,255480,267011,0,Manufacturing
2/15/2023,5,533795,849,445725,232269,0,Services
2/16/2023,1,735885,519,308808,225771,1,Manufacturing
2/17/2023,19,68369,558,334169,72006,1,Manufacturing
2/18/2023,9,912361,553,155372,289435,1,Other
2/19/2023,19,510511,625,176584,164670,1,Retail
2/20/2023,19,816622,823,171335,139283,0,Other
2/21/2023,4,256071,659,108819,175536,1,Services
2/22/2023,19,540520,560,458392,105541,1,Services
2/23/2023,15,1045587,683,468732,206857,1,Other
2/24/2023,11,1957240,540,386880,214094,0,Other
2/25/2023,14,738776,670,26875,265031,0,Manufacturing
2/26/2023,3,1687717,528,117623,265117,0,Services
2/27/2023,15,746105,638,186798,189427,0,Other
2/28/2023,5,976958,566,386053,143011,1,Services
3/1/2023,2,73069,651,242870,280228,1,Manufacturing
3/2/2023,5,345255,595,451474,136270,1,Other
3/3/2023,12,1391213,547,138710,270580,0,Retail
3/4/2023,19,1040982,783,365447,86101,0,Services
3/5/2023,12,1070903,709,56254,217567,1,Other
3/6/2023,11,1292979,717,95463,53547,0,Retail
3/7/2023,19,1038397,610,443276,248602,1,Services
3/8/2023,16,1046627,600,365915,67294,1,Retail
3/9/2023,16,646963,537,427444,195138,1,Retail
3/10/2023,1,648835,764,298075,254530,0,Services
3/11/2023,15,1705698,575,15618,190467,0,Manufacturing
3/12/2023,1,872771,585,407572,167889,0,Services
3/13/2023,6,991294,819,121069,71368,0,Retail
3/14/2023,16,446953,715,228048,177107,1,Retail
3/15/2023,16,1430425,814,331043,4180,0,Retail
3/16/2023,11,1599895,790,276971,119125,0,Other
3/17/2023,15,1696463,544,385145,144412,0,Other
3/18/2023,17,956016,708,480629,102334,0,Services
3/19/2023,3,1568718,819,425220,12319,0,Manufacturing
3/20/2023,15,1208974,550,53790,70619,1,Other
3/21/2023,1,355174,625,414311,757,1,Services
3/22/2023,14,585756,659,106377,295932,1,Other
3/23/2023,11,559576,536,357222,165486,1,Other
3/24/2023,7,765850,575,115734,110034,1,Manufacturing
3/25/2023,19,509045,800,92796,25073,0,Retail
3/26/2023,7,1156266,658,279280,220034,0,Retail
3/27/2023,11,793697,676,480214,88379,1,Other
3/28/2023,9,1864894,642,67827,88590,1,Services
3/29/2023,15,840485,749,292669,117853,0,Services
3/30/2023,17,1124426,780,67491,240073,0,Retail
3/31/2023,10,1377601,734,33641,276205,1,Other
4/1/2023,16,1806837,539,106115,55043,1,Services
4/2/2023,8,1228577,739,492738,292818,0,Services
4/3/2023,13,1380818,818,300847,268959,0,Other
4/4/2023,13,389325,520,170236,268196,1,Retail
4/5/2023,9,221044,754,360671,231245,1,Retail
4/6/2023,18,1245895,754,176573,297713,0,Manufacturing
4/7/2023,18,90048,761,119685,248421,1,Other
4/8/2023,19,68338,801,471076,240070,1,Other
4/9/2023,1,565524,809,33098,163836,1,Services
4/10/2023,18,432811,563,440791,292695,1,Other
4/11/2023,15,612402,658,496531,82447,1,Manufacturing
4/12/2023,5,1535834,796,165485,51504,0,Services
4/13/2023,12,802532,663,421198,275235,1,Manufacturing
4/14/2023,12,1988449,637,378780,63533,1,Retail
4/15/2023,15,258198,800,341606,36146,0,Services
4/16/2023,2,1744603,629,442251,52942,0,Manufacturing
4/17/2023,7,925021,803,458707,255486,1,Manufacturing
4/18/2023,19,1156561,503,386664,256828,1,Manufacturing
4/19/2023,7,356637,670,334270,179151,1,Retail
4/20/2023,19,1107559,692,104740,24510,0,Other
4/21/2023,2,695552,848,292523,25676,0,Retail
4/22/2023,6,1883610,652,485990,133496,0,Retail
4/23/2023,14,1644267,561,355251,170629,0,Services
4/24/2023,15,382968,625,196897,71310,1,Manufacturing
4/25/2023,19,64227,528,351035,412,1,Services
4/26/2023,7,242493,665,133408,92194,1,Manufacturing
4/27/2023,7,770221,659,473023,225485,1,Other
4/28/2023,8,707593,612,478825,176251,1,Retail
4/29/2023,5,1378264,819,371119,85463,1,Other
4/30/2023,4,998142,512,313504,100712,1,Manufacturing
5/1/2023,10,742232,570,457608,275528,1,Services
5/2/2023,4,194215,709,79343,36422,1,Retail
5/3/2023,15,648296,664,462164,20448,1,Other
5/4/2023,2,1221677,800,100625,218572,0,Retail
5/5/2023,5,1651833,596,397475,152880,0,Manufacturing
5/6/2023,11,308174,783,497240,195384,1,Other
5/7/2023,11,307785,764,419724,2570,1,Retail
5/8/2023,17,198065,824,86711,214240,0,Other
5/9/2023,4,1040909,586,242297,83984,1,Retail
5/10/2023,5,929172,544,422453,78280,1,Services
5/11/2023,7,1102240,705,445551,248104,1,Services
5/12/2023,16,1598046,772,497892,111122,0,Manufacturing
5/13/2023,8,447484,637,34573,29998,1,Manufacturing
5/14/2023,19,1634190,611,48477,110501,0,Other
5/15/2023,8,609665,643,229751,278263,1,Services
5/16/2023,15,1013511,792,30763,99120,0,Manufacturing
5/17/2023,7,1634222,796,140559,124256,0,Services
5/18/2023,7,1535635,775,229491,120060,0,Manufacturing
5/19/2023,3,1630829,640,261519,150205,1,Services
5/20/2023,18,1747102,808,98521,5315,0,Retail
5/21/2023,15,1860836,702,123623,209219,0,Retail
5/22/2023,6,1233999,714,114646,261092,1,Manufacturing
5/23/2023,2,790411,816,130956,231954,0,Retail
5/24/2023,19,58499,840,151867,128029,1,Retail
5/25/2023,4,380594,611,377640,276302,1,Retail
5/26/2023,2,1181777,753,491216,26064,1,Other
5/27/2023,1,1322689,838,389189,159288,0,Retail
5/28/2023,15,737102,667,55868,229738,1,Manufacturing
5/29/2023,5,1657295,542,441878,126667,1,Manufacturing
5/30/2023,5,795007,508,339319,239072,1,Retail
5/31/2023,19,1663524,759,188569,88753,0,Other
6/1/2023,17,803166,831,298927,67325,0,Services
6/2/2023,1,841128,683,96947,8004,1,Manufacturing
6/3/2023,12,1258728,745,434897,229703,1,Manufacturing
6/4/2023,12,378073,829,115098,281524,1,Services
6/5/2023,18,992275,840,335774,245269,1,Other
6/6/2023,11,99197,837,15595,281218,1,Retail
6/7/2023,10,1751765,779,373686,220611,0,Manufacturing
6/8/2023,17,873278,683,131801,258200,1,Retail
6/9/2023,11,607134,705,359825,101408,0,Services
6/10/2023,13,1480409,523,256503,155059,0,Retail
6/11/2023,8,1591101,565,387256,37737,0,Retail
6/12/2023,13,1565892,520,307910,271523,1,Retail
6/13/2023,9,1876480,609,228023,195430,1,Retail
6/14/2023,16,141269,519,484881,235462,1,Retail
6/15/2023,19,1389207,755,472350,273600,0,Retail
6/16/2023,3,626196,842,129456,169705,0,Retail
6/17/2023,15,560394,629,401240,182033,1,Retail
6/18/2023,9,470344,756,445215,174686,1,Other
6/19/2023,18,318225,734,382466,282237,1,Services
6/20/2023,5,805830,721,205409,140957,1,Services
6/21/2023,1,98158,580,314147,86612,1,Retail
6/22/2023,8,1614161,502,434690,138706,1,Services
6/23/2023,9,680783,747,75761,20812,0,Other
6/24/2023,8,350330,839,151035,258430,0,Services
6/25/2023,19,1074901,767,490552,202952,0,Services
6/26/2023,14,524507,510,195531,129824,1,Manufacturing
6/27/2023,1,682515,730,354123,102174,1,Services
6/28/2023,4,1457088,812,59401,137681,0,Manufacturing
6/29/2023,5,1042509,760,335293,73916,1,Manufacturing
6/30/2023,14,1561394,830,445175,256964,0,Services
7/1/2023,4,1343247,729,71475,109127,1,Manufacturing
7/2/2023,10,1132031,697,105878,171210,1,Other
7/3/2023,2,1266566,575,34757,152543,1,Other
7/4/2023,9,432245,534,468625,62034,1,Retail
7/5/2023,3,1761670,721,417426,199215,0,Other
7/6/2023,13,1927634,556,482068,238428,1,Manufacturing
7/7/2023,2,786715,700,288299,134546,0,Manufacturing
7/8/2023,13,495871,712,210665,193442,1,Manufacturing
7/9/2023,18,1897362,523,91577,145555,0,Services
7/10/2023,5,493090,760,129986,34503,0,Manufacturing
7/11/2023,9,800757,637,437282,37967,1,Services
7/12/2023,18,1380211,807,369708,249990,0,Manufacturing
7/13/2023,15,1617724,766,167269,142951,0,Manufacturing
7/14/2023,11,1168997,574,236991,46510,0,Retail
7/15/2023,8,449971,568,202521,287053,1,Manufacturing
7/16/2023,14,587798,797,92212,154514,0,Retail
7/17/2023,6,1853282,657,282308,283734,0,Manufacturing
7/18/2023,9,1127871,614,408809,1115,0,Manufacturing
7/19/2023,7,88845,705,405779,96197,1,Services
7/20/2023,10,257845,794,165086,275449,1,Other
7/21/2023,2,1910432,841,244312,203085,0,Manufacturing
7/22/2023,10,1723507,509,159159,70118,1,Services
7/23/2023,8,353749,764,400389,258642,1,Manufacturing
7/24/2023,17,298039,666,35368,134746,1,Manufacturing
7/25/2023,19,821428,525,114791,89269,1,Manufacturing
7/26/2023,16,447073,560,300030,13841,1,Services
7/27/2023,13,1978992,845,308463,192584,0,Manufacturing
7/28/2023,6,654603,724,261769,279990,1,Other
7/29/2023,19,1244307,545,328916,21010,1,Services
7/30/2023,16,485600,645,258437,235225,1,Retail
7/31/2023,7,1607943,513,380190,197306,1,Retail
8/1/2023,11,912357,528,45750,99995,1,Manufacturing
8/2/2023,1,409976,615,350080,229854,1,Services
8/3/2023,19,455756,615,330255,158433,1,Manufacturing
8/4/2023,11,150860,573,387623,94828,1,Services
8/5/2023,2,559780,725,249341,116968,1,Retail
8/6/2023,8,1565365,676,254034,217230,1,Services
8/7/2023,13,592049,572,307296,143619,1,Retail
8/8/2023,11,205394,746,314470,19991,1,Manufacturing
8/9/2023,,1391863,566,358792,227215,1,Other
8/10/2023,16,1330677,826,307537,12133,0,Retail
8/11/2023,17,1678258,719,214495,235429,0,Manufacturing
8/12/2023,15,1439089,652,293186,294915,1,Services
8/13/2023,7,226467,528,479174,204477,1,Other
8/14/2023,17,1179537,646,162061,143344,1,Other
8/15/2023,8,1572240,678,290153,87545,1,Services
8/16/2023,3,1947683,643,273018,239125,1,Manufacturing
8/17/2023,9,1398920,651,201519,27024,0,Manufacturing
8/18/2023,9,1680821,831,378410,258289,0,Retail
8/19/2023,11,237164,715,30129,32211,1,Retail
8/20/2023,10,1346662,771,497060,120823,0,Manufacturing
8/21/2023,15,334187,511,192552,293213,1,Manufacturing
8/22/2023,1,1068738,694,290682,127995,0,Other
8/23/2023,4,1336433,722,26526,72409,0,Manufacturing
8/24/2023,12,1171774,846,203862,76942,0,Other
8/25/2023,4,1462592,506,212325,22517,0,Manufacturing
8/26/2023,6,456425,631,25833,147885,0,Services
8/27/2023,6,1193510,844,70638,228273,1,Other
8/28/2023,5,786885,567,367554,74403,0,Other
8/29/2023,6,1120817,524,455683,291273,1,Services
8/30/2023,5,580312,587,424334,16658,0,Other
8/31/2023,2,158741,608,40808,286063,1,Manufacturing
9/1/2023,14,1757447,667,249154,179679,0,Services
9/2/2023,1,1452778,808,185488,48246,1,Other
9/3/2023,7,1434702,550,410704,177465,1,Other
9/4/2023,2,256330,704,240159,6390,1,Retail
9/5/2023,8,1150599,537,264399,32058,0,Retail
9/6/2023,3,161648,789,496996,34422,1,Services
9/7/2023,7,1832192,528,121043,270411,1,Retail
9/8/2023,1,948935,616,419097,109088,1,Manufacturing
9/9/2023,14,1081937,588,300690,253954,0,Manufacturing
9/10/2023,12,1194487,703,336328,102377,1,Other
9/11/2023,9,266368,829,322496,11617,0,Manufacturing
9/12/2023,13,952796,631,469571,82346,0,Manufacturing
9/13/2023,12,159435,617,472165,151580,1,Retail
9/14/2023,10,742678,668,343958,288243,1,Retail
9/15/2023,1,1495875,559,410267,205934,0,Retail
9/16/2023,11,1561426,663,455057,207339,1,Other
9/17/2023,2,1782409,820,412451,258527,0,Manufacturing
9/18/2023,17,1161109,713,285110,84703,0,Services
9/19/2023,17,1858357,647,479268,186904,0,Other
9/20/2023,18,1259114,506,306409,118848,1,Manufacturing
9/21/2023,12,1041723,815,84682,128286,0,Other
9/22/2023,3,444757,730,488299,167103,1,Manufacturing
9/23/2023,14,1697003,600,416522,34962,0,Manufacturing
9/24/2023,3,516424,565,269354,125848,1,Other
9/25/2023,3,715712,778,160416,213737,0,Services
9/26/2023,11,1714443,550,156061,220641,1,Services
9/27/2023,9,1303999,767,421239,136095,0,Services
9/28/2023,7,1521223,794,459794,33040,0,Services
9/29/2023,2,1564202,634,163163,178880,1,Retail
9/30/2023,1,231410,556,343985,12613,1,Retail
10/1/2023,14,1332193,697,371501,226589,0,Other
10/2/2023,7,1082107,521,246206,16054,1,Other
10/3/2023,19,1077628,673,402429,259220,1,Manufacturing
10/4/2023,1,1989659,750,437787,185122,1,Retail
10/5/2023,18,1752493,758,379727,70767,0,Retail
10/6/2023,7,1391709,824,446774,129475,0,Manufacturing
10/7/2023,3,1790551,817,496029,81111,0,Services
10/8/2023,12,1757289,632,97480,27481,0,Services
10/9/2023,8,1591983,750,249336,72396,0,Retail
10/10/2023,16,442514,567,192373,50642,1,Retail
10/11/2023,12,723298,835,399601,100800,0,Services
10/12/2023,6,875102,656,295156,158622,1,Other
10/13/2023,5,461870,647,404282,9271,0,Retail
10/14/2023,12,903221,573,30683,185289,1,Services
10/15/2023,14,1729693,775,312638,259316,1,Retail
10/16/2023,17,1937208,544,282247,209999,1,Services
10/17/2023,4,1466059,502,454198,20188,1,Manufacturing
10/18/2023,14,1660049,772,51954,95889,0,Manufacturing
10/19/2023,7,1965445,787,100267,241700,0,Services
10/20/2023,7,1878449,523,364424,6183,1,Manufacturing
10/21/2023,19,1388219,764,405625,227917,0,Other
10/22/2023,13,55766,711,364042,105406,1,Other
10/23/2023,9,187080,678,434863,290190,1,Manufacturing
10/24/2023,13,291292,615,321525,125165,1,Manufacturing
10/25/2023,5,217232,716,424648,57608,1,Manufacturing
10/26/2023,5,1864247,763,238807,214234,0,Other
10/27/2023,2,965673,620,163210,19758,1,Manufacturing
10/28/2023,5,1201078,625,57875,43234,1,Services
10/29/2023,1,1929836,705,154349,173504,0,Retail
10/30/2023,8,1368403,820,330946,288210,0,Manufacturing
10/31/2023,19,1313429,711,302999,113364,0,Other
11/1/2023,10,1231423,595,122746,84858,0,Services
11/2/2023,12,1840123,663,139738,110377,0,Services
11/3/2023,9,1186164,836,212393,73311,1,Manufacturing
11/4/2023,15,1152520,707,66873,221659,1,Retail
11/5/2023,9,756495,803,363319,94069,0,Manufacturing
11/6/2023,2,770098,811,171502,73964,0,Retail
11/7/2023,5,1301933,607,202398,171529,0,Other
11/8/2023,3,1920858,742,246987,143967,1,Other
11/9/2023,2,1885197,749,144546,109985,0,Manufacturing
11/10/2023,1,1569044,702,66640,80116,0,Manufacturing
11/11/2023,6,1611499,604,251274,155466,1,Other
11/12/2023,11,461891,605,109877,246109,1,Other
11/13/2023,10,1357658,567,268222,121331,0,Other
11/14/2023,7,617217,780,344591,262207,0,Manufacturing
11/15/2023,18,434154,799,33816,44818,0,Other
11/16/2023,1,1563175,841,285440,281294,0,Manufacturing
11/17/2023,16,1661000,601,480572,163305,0,Other
11/18/2023,7,1189693,633,325673,252555,1,Retail
11/19/2023,8,1981872,668,68094,287008,1,Other
11/20/2023,1,470561,683,137082,275002,1,Services
11/21/2023,15,1232614,594,188452,139959,0,Other
11/22/2023,6,173942,768,463709,53973,1,Retail
11/23/2023,2,893553,755,174989,140880,0,Manufacturing
11/24/2023,9,1170630,671,405107,9491,1,Retail
11/25/2023,18,1126345,841,78364,97809,0,Other
11/26/2023,11,627445,584,206472,97810,1,Services
11/27/2023,8,62292,538,259804,265504,1,Manufacturing
11/28/2023,7,1621244,562,45513,259280,0,Manufacturing
11/29/2023,1,825540,596,464498,79296,1,Other
11/30/2023,8,1602231,696,292343,133712,0,Services
12/1/2023,10,1962388,733,286664,72735,0,Other
12/2/2023,19,742155,508,53846,119574,1,Retail
12/3/2023,17,289133,547,417697,102547,1,Manufacturing
12/4/2023,2,998383,826,123093,261827,1,Services
12/5/2023,9,1416957,559,169190,120739,1,Services
12/6/2023,18,1162221,603,472451,50558,0,Other
12/7/2023,13,1896667,507,460338,3461,1,Manufacturing
12/8/2023,8,104150,751,20754,299577,1,Services
12/9/2023,9,1575421,630,470341,240122,0,Retail
12/10/2023,5,223815,578,395248,251247,1,Other
12/11/2023,1,1499005,674,252209,38073,1,Other
12/12/2023,3,177191,810,352244,168789,1,Manufacturing
12/13/2023,10,1834685,726,212400,152290,0,Retail
12/14/2023,4,1711262,780,71720,250410,0,Other
12/15/2023,19,191794,696,424369,1806,1,Manufacturing
12/16/2023,11,1141802,507,427302,249609,1,Services
12/17/2023,8,1947573,665,468903,227353,0,Manufacturing
12/18/2023,5,1817232,616,443396,164368,1,Services
12/19/2023,5,1265733,730,154119,51941,1,Retail
12/20/2023,19,487422,733,429791,71011,1,Services
12/21/2023,9,637596,800,115253,271858,0,Manufacturing
12/22/2023,1,912955,545,216346,90107,1,Retail
12/23/2023,14,1314359,645,64810,45126,0,Other
12/24/2023,17,1615501,546,378084,286312,0,Manufacturing
12/25/2023,17,811774,718,66058,253380,0,Services
12/26/2023,5,1068522,701,447776,215986,0,Retail
12/27/2023,2,1693008,668,443093,130554,0,Retail
12/28/2023,16,1306046,828,14143,73237,0,Other
12/29/2023,15,620595,648,147921,212004,1,Manufacturing
12/30/2023,11,1452912,535,467862,266616,1,Services
12/31/2023,2,1496269,695,208667,260021,0,Manufacturing
1/1/2024,17,1608439,696,461579,57403,0,Manufacturing
1/2/2024,7,949991,681,110591,278284,1,Services
1/3/2024,3,1708672,677,44139,222788,1,Manufacturing
1/4/2024,12,170716,812,276051,158347,1,Other
1/5/2024,9,1790043,734,381303,288622,0,Services
1/6/2024,6,1852297,570,384311,208572,1,Retail
1/7/2024,17,112978,578,493470,230743,1,Other
1/8/2024,14,163218,831,461684,190911,1,Manufacturing
1/9/2024,10,1335427,579,407496,294331,1,Retail
1/10/2024,12,1914552,655,63965,53102,1,Services
1/11/2024,11,79305,724,399782,194584,1,Other
1/12/2024,16,638595,832,62927,64515,0,Retail
1/13/2024,17,1198861,525,85108,195286,0,Other
1/14/2024,17,1513328,781,99999,80412,0,Other
1/15/2024,5,1378597,781,129723,288015,0,Services
1/16/2024,12,610698,794,346280,210010,0,Manufacturing
1/17/2024,19,1642989,515,250483,29073,0,Manufacturing
1/18/2024,8,1562855,567,358968,32470,1,Retail
1/19/2024,4,1593080,590,420863,193877,1,Other
1/20/2024,2,752097,709,16501,183094,0,Services
1/21/2024,15,197779,590,20225,28219,0,Manufacturing
1/22/2024,12,1504556,692,465988,93468,0,Manufacturing
1/23/2024,3,1181346,598,219050,236425,1,Services
1/24/2024,7,483234,764,189667,253506,1,Other
1/25/2024,8,1632079,743,220295,144860,1,Services
1/26/2024,11,1078935,781,293838,188199,0,Retail
1/27/2024,3,225000,760,106513,81417,1,Services
1/28/2024,3,206629,834,68856,265146,1,Other
1/29/2024,4,265142,574,98864,151696,1,Manufacturing
1/30/2024,9,1164255,620,34512,170190,1,Retail
1/31/2024,2,193542,553,225556,246324,1,Manufacturing
2/1/2024,11,465879,509,321800,237968,1,Retail
2/2/2024,18,1452254,567,413380,36176,1,Services
2/3/2024,9,831083,581,48791,189855,1,Retail
2/4/2024,9,441758,733,155197,295358,1,Other
2/5/2024,5,673677,558,249688,208143,1,Other
2/6/2024,3,498571,518,128896,1387,1,Manufacturing
2/7/2024,6,727325,585,441731,224390,1,Other
2/8/2024,10,137000,715,23922,92816,0,Retail
2/9/2024,2,1638299,801,474355,92485,0,Manufacturing
2/10/2024,11,1820864,750,327611,16057,0,Manufacturing
2/11/2024,6,1065532,602,368421,212209,0,Other
2/12/2024,4,988974,609,172579,270480,1,Retail
2/13/2024,11,392419,713,358055,228958,1,Other
2/14/2024,6,1737226,723,393918,150438,0,Retail
2/15/2024,4,744385,843,246938,205277,0,Manufacturing
2/16/2024,9,1225893,784,317707,131266,0,Other
2/17/2024,3,1981580,623,450230,144550,1,Retail
2/18/2024,2,1579289,633,370663,201440,0,Other
2/19/2024,5,477750,747,275509,297602,1,Retail
2/20/2024,4,325208,714,497397,13591,1,Services
2/21/2024,6,1897942,698,391115,105903,1,Other
2/22/2024,9,197777,506,276819,121333,1,Manufacturing
2/23/2024,5,1217425,750,456017,86769,0,Other
2/24/2024,11,130591,724,429928,77438,1,Other
2/25/2024,12,878786,755,103762,206675,0,Services
2/26/2024,1,573756,575,177462,65169,1,Other
2/27/2024,5,1218803,506,182133,84222,1,Other
2/28/2024,15,1581347,772,241062,99584,0,Retail
2/29/2024,15,1239394,714,337713,113357,0,Retail
3/1/2024,13,1326115,556,326783,132586,1,Services
3/2/2024,13,1863282,597,41262,267245,1,Manufacturing
3/3/2024,2,745641,671,244908,89220,1,Manufacturing
3/4/2024,2,757050,627,450838,274060,1,Manufacturing
3/5/2024,7,395684,609,83543,10939,0,Manufacturing
3/6/2024,16,1688800,717,298225,243337,0,Retail
3/7/2024,1,1603981,676,212580,192879,1,Manufacturing
3/8/2024,12,755856,693,433834,207250,1,Other
3/9/2024,7,61933,686,326360,240997,1,Other
3/10/2024,8,1560094,535,441455,262242,0,Other
3/11/2024,12,1641428,675,166995,1365,1,Manufacturing
3/12/2024,17,986816,777,72586,192444,0,Manufacturing
3/13/2024,11,1409522,831,478177,297854,0,Other
3/14/2024,2,1257147,720,242186,89649,1,Other
3/15/2024,4,1318274,837,57515,206080,0,Services
3/16/2024,19,1119177,543,482834,121433,1,Other
3/17/2024,14,186831,830,18978,283127,1,Retail
3/18/2024,5,369286,551,332888,242553,1,Services
3/19/2024,11,524434,829,278915,170414,1,Services
3/20/2024,17,1388260,592,309323,58548,1,Manufacturing
3/21/2024,10,374330,805,41842,192203,1,Other
3/22/2024,15,1043604,801,330810,280394,0,Other
3/23/2024,8,981784,654,134784,103037,1,Other
3/24/2024,12,383794,791,31997,288953,0,Other
3/25/2024,13,1339447,760,318116,190542,0,Retail
3/26/2024,6,1878007,753,206155,264298,0,Other
3/27/2024,14,328555,715,297828,27960,1,Retail
3/28/2024,2,769079,715,98603,199645,1,Other
3/29/2024,6,1873767,820,451497,95538,1,Services
3/30/2024,6,835576,509,152279,115132,1,Other
3/31/2024,10,1778869,578,278523,293970,1,Manufacturing
4/1/2024,1,299413,656,469081,8071,1,Retail
4/2/2024,13,835176,535,299489,154332,1,Retail
4/3/2024,18,1143648,706,224568,178903,0,Manufacturing
4/4/2024,18,1005086,828,234406,289610,1,Services
4/5/2024,1,1514721,502,380194,43999,1,Manufacturing
4/6/2024,14,1528461,833,386526,99243,0,Retail
4/7/2024,1,1695202,773,32198,268635,1,Services
4/8/2024,12,745848,588,168403,827,1,Retail
4/9/2024,1,935389,696,454214,173470,0,Manufacturing
4/10/2024,7,1710210,645,157760,292188,1,Other
4/11/2024,16,1585920,814,404526,32696,1,Services
4/12/2024,5,659252,603,98518,100851,1,Manufacturing
4/13/2024,3,1636870,770,499117,141369,0,Services
4/14/2024,4,766339,791,147909,109973,0,Manufacturing
4/15/2024,18,1177950,579,194049,103310,0,Retail
4/16/2024,8,435137,795,194692,189108,0,Other
4/17/2024,14,1626624,539,306495,204205,0,Retail
4/18/2024,15,420682,829,469317,125036,1,Manufacturing
4/19/2024,13,241210,772,37530,172617,1,Other
4/20/2024,16,1867673,624,237997,240395,0,Services
4/21/2024,13,189544,757,337653,114002,1,Retail
4/22/2024,8,1963722,550,31575,193052,0,Retail
4/23/2024,15,1371462,790,300900,266227,1,Retail
4/24/2024,8,1698244,650,72025,233133,1,Manufacturing
4/25/2024,8,1773074,664,13936,41641,0,Services
4/26/2024,14,392747,845,141105,96426,0,Retail
4/27/2024,16,112459,708,362289,206692,1,Services
4/28/2024,17,868662,827,80744,127043,1,Retail
4/29/2024,3,1018931,617,427833,112345,0,Retail
4/30/2024,8,1777467,679,47083,157225,0,Manufacturing
5/1/2024,3,1058307,575,359756,222799,1,Manufacturing
5/2/2024,2,1955813,808,421986,260498,1,Services
5/3/2024,15,374152,748,394686,59652,1,Retail
5/4/2024,16,645459,830,418990,239447,0,Manufacturing
5/5/2024,2,840425,549,328146,184533,1,Other
5/6/2024,11,971571,542,200265,17670,1,Services
5/7/2024,1,526313,523,121691,256728,1,Retail
5/8/2024,17,1927204,803,438571,268507,0,Retail
5/9/2024,11,81480,814,388590,259991,1,Retail
5/10/2024,2,1844709,674,216199,235957,0,Services
5/11/2024,6,1002926,612,250979,100892,0,Other
5/12/2024,17,1150332,845,449928,228998,0,Other
5/13/2024,2,1446010,504,90293,295849,1,Other
5/14/2024,18,1176232,652,341254,204090,0,Services
5/15/2024,17,1926408,608,387537,153426,0,Other
5/16/2024,18,1138254,737,187596,194038,1,Other
5/17/2024,18,1987069,726,484035,193910,0,Retail
5/18/2024,14,368843,751,471884,245807,1,Retail
5/19/2024,7,1128855,827,74715,233141,0,Retail
5/20/2024,2,97752,732,53187,202227,1,Services
5/21/2024,3,1823695,752,453596,280171,0,Services
5/22/2024,14,1589845,591,246212,278346,1,Manufacturing
5/23/2024,6,1614090,672,47527,206890,0,Services
5/24/2024,5,524269,742,302469,100176,0,Retail
5/25/2024,4,293652,845,405059,29951,1,Other
5/26/2024,8,780474,676,212095,117842,0,Services
5/27/2024,11,1473241,790,286308,88588,0,Manufacturing
5/28/2024,10,368220,794,449384,62586,0,Other
5/29/2024,9,188984,640,321308,267126,1,Retail
5/30/2024,10,481081,536,72899,286693,1,Services
5/31/2024,13,1906167,550,89540,223567,0,Retail
6/1/2024,15,987595,786,278983,63026,0,Manufacturing
6/2/2024,15,1799794,528,129229,12716,1,Retail
6/3/2024,9,1665336,784,145194,81166,0,Other
6/4/2024,9,1320110,756,321646,127636,0,Manufacturing
6/5/2024,16,543098,763,178064,84305,0,Other
6/6/2024,16,1523313,717,333663,26914,1,Retail
6/7/2024,13,545711,545,287729,39684,1,Services
6/8/2024,8,434393,698,471979,113035,1,Manufacturing
6/9/2024,3,1455043,527,82879,248377,0,Retail
6/10/2024,13,303305,587,172449,235789,1,Other
6/11/2024,17,1020149,711,293557,88893,0,Retail
6/12/2024,13,793012,603,254861,213364,1,Manufacturing
6/13/2024,14,1408423,731,309482,72251,0,Retail
6/14/2024,8,330388,746,419254,213542,1,Services
6/15/2024,12,1627503,817,18480,218005,0,Retail
6/16/2024,11,68064,530,312369,271913,1,Other
6/17/2024,9,1241588,538,84010,38531,0,Services
6/18/2024,4,1806997,503,69758,99210,1,Retail
6/19/2024,10,736775,506,83533,121021,1,Manufacturing
6/20/2024,17,782095,625,67819,133656,1,Manufacturing
6/21/2024,7,1318097,688,255177,197519,0,Services
6/22/2024,10,709093,605,72557,231462,1,Manufacturing
6/23/2024,10,723353,503,428342,219951,1,Services
6/24/2024,2,1660453,623,180695,113003,1,Other
6/25/2024,12,1912490,666,33567,139056,0,Retail
6/26/2024,13,356856,549,266826,194213,1,Manufacturing
6/27/2024,6,1901826,500,243597,290331,1,Other
6/28/2024,9,1508443,537,385357,278242,1,Other
6/29/2024,9,672822,775,336697,109957,0,Retail
6/30/2024,8,1568473,786,426065,17853,0,Other
7/1/2024,2,1643671,636,129857,78082,0,Manufacturing
7/2/2024,18,1686939,845,398153,291746,0,Manufacturing
7/3/2024,17,271491,789,389846,217474,1,Retail
7/4/2024,4,550541,731,72436,8110,1,Manufacturing
7/5/2024,15,542444,624,355774,251446,1,Other
7/6/2024,7,1198563,585,349419,252668,1,Services
7/7/2024,5,178506,777,142145,231205,1,Manufacturing
7/8/2024,4,1625126,626,67324,148590,1,Other
7/9/2024,6,635996,601,34809,13091,0,Services
7/10/2024,12,362026,677,272973,228849,0,Manufacturing
7/11/2024,11,782690,535,127997,53417,0,Retail
7/12/2024,8,1576368,697,467748,221378,1,Services
7/13/2024,8,842887,609,203240,165896,1,Services
7/14/2024,18,1384233,632,162053,148948,0,Other
7/15/2024,2,594955,,459995,194614,1,Services
7/16/2024,12,1353274,812,366882,104681,1,Retail
7/17/2024,7,1498227,761,124560,176972,1,Manufacturing
7/18/2024,2,1678170,526,251379,129092,1,Other
7/19/2024,17,515412,511,37041,263941,1,Services
7/20/2024,1,1738792,713,195638,194390,0,Manufacturing
7/21/2024,18,1252389,687,332421,294698,0,Retail
7/22/2024,1,1172314,727,338251,213089,1,Other
7/23/2024,7,1571942,715,147404,210068,1,Manufacturing
7/24/2024,12,1775868,739,416019,182323,0,Manufacturing
7/25/2024,12,1873797,834,179529,186123,0,Services
7/26/2024,14,510273,827,197240,190334,0,Other
7/27/2024,12,939614,732,472596,231402,1,Retail
7/28/2024,5,1537700,564,116074,59620,0,Services
7/29/2024,14,807156,715,193808,263447,1,Retail
7/30/2024,12,1665181,530,486578,15797,1,Other
7/31/2024,8,702844,568,247777,160510,1,Services
8/1/2024,11,519968,702,223690,162246,1,Services
8/2/2024,7,72622,738,279850,44077,1,Other
8/3/2024,8,1495231,830,309170,51471,0,Services
8/4/2024,14,421000,667,255519,271545,1,Manufacturing
8/5/2024,2,862467,526,340799,183680,1,Retail
8/6/2024,5,607843,599,139771,73092,1,Manufacturing
8/7/2024,13,1475831,811,112645,95573,0,Other
8/8/2024,4,1751032,679,113165,173368,0,Manufacturing
8/9/2024,10,1478711,642,310907,167474,1,Other
8/10/2024,19,551513,612,427533,146361,1,Services
8/11/2024,8,166308,635,323159,90193,1,Manufacturing
8/12/2024,10,1513476,541,102571,225752,1,Services
8/13/2024,5,1353566,657,48478,103837,0,Retail
8/14/2024,17,1023689,638,189621,136480,0,Manufacturing
8/15/2024,15,379531,787,117219,259010,0,Manufacturing
8/16/2024,6,1474504,531,463664,217439,1,Retail
8/17/2024,17,756157,686,372241,94515,1,Manufacturing
8/18/2024,5,576241,790,355894,289577,1,Other
8/19/2024,18,568313,695,260642,195505,1,Manufacturing
8/20/2024,10,1742367,822,304524,204607,0,Services
8/21/2024,12,1278671,780,50058,247148,0,Services
8/22/2024,12,1215009,545,284363,193487,1,Manufacturing
8/23/2024,17,566177,846,182564,199719,0,Retail
8/24/2024,15,1046647,697,146042,20007,1,Other
8/25/2024,6,700613,743,146420,221030,1,Other
8/26/2024,7,670737,634,367516,263505,1,Retail
8/27/2024,2,1717375,581,314154,20959,1,Retail
8/28/2024,11,293560,690,92435,21374,0,Services
8/29/2024,2,1185761,637,162328,82741,0,Manufacturing
8/30/2024,8,1621657,695,417735,122437,0,Other
8/31/2024,14,150857,704,165788,85666,1,Manufacturing
9/1/2024,11,623406,741,484646,3497,0,Services
9/2/2024,2,1151008,524,288872,91945,1,Manufacturing
9/3/2024,7,1740222,599,59343,190591,1,Services
9/4/2024,11,361812,729,194500,131277,0,Manufacturing
9/5/2024,2,1871180,612,428584,140541,1,Manufacturing
9/6/2024,2,1815212,609,215421,100294,0,Retail
9/7/2024,13,704665,686,23466,145212,0,Services
9/8/2024,14,1283924,645,333117,232298,0,Other
9/9/2024,6,1322482,831,434724,239957,0,Manufacturing
9/10/2024,17,1732875,536,109121,50223,0,Services
9/11/2024,11,1934939,586,224975,64829,0,Manufacturing
9/12/2024,13,1242112,838,181660,110791,0,Services
9/13/2024,17,1181749,665,496632,25723,1,Retail
9/14/2024,1,1948266,773,157172,186908,0,Services
9/15/2024,16,1116816,744,242470,81357,0,Manufacturing
9/16/2024,8,1273138,831,405058,256486,0,Services
9/17/2024,6,1068967,572,337115,152596,1,Manufacturing
9/18/2024,11,1352851,672,490712,38957,0,Services
9/19/2024,19,715794,682,277991,77114,0,Other
9/20/2024,6,1077805,741,313869,125442,0,Manufacturing
9/21/2024,,1594322,607,388512,185023,1,Retail
9/22/2024,9,118107,505,48920,40341,1,Services
9/23/2024,1,1054399,640,98644,54398,0,Manufacturing
9/24/2024,15,1630516,544,360328,249472,0,Services
9/25/2024,2,1831405,513,58433,51587,0,Manufacturing
9/26/2024,12,287763,622,215270,162644,1,Services
9/27/2024,15,1368269,715,448512,159017,0,Other
9/28/2024,19,462382,760,256000,288844,1,Retail
9/29/2024,11,1453670,810,357262,284178,0,Services
9/30/2024,3,1377898,834,74896,71388,0,Manufacturing
10/1/2024,9,444272,697,196427,243252,0,Services
10/2/2024,19,157572,651,134822,213314,1,Other
10/3/2024,7,1351193,706,173297,139568,1,Other
10/4/2024,5,903545,736,382432,260384,0,Services
10/5/2024,3,1919926,675,154127,132571,1,Manufacturing
10/6/2024,14,797630,550,494958,201355,1,Services
10/7/2024,15,1505479,648,65848,75088,0,Other
10/8/2024,11,1598667,847,128019,24352,0,Retail
10/9/2024,13,1316970,828,244111,77890,0,Manufacturing
10/10/2024,10,1412813,517,212600,90835,1,Retail
10/11/2024,2,1771163,613,456352,120550,0,Other
10/12/2024,12,171815,802,460499,193846,1,Services
10/13/2024,1,1796023,825,166624,272760,0,Retail
10/14/2024,17,452476,704,427738,70090,1,Retail
10/15/2024,7,195455,500,343083,48534,1,Other
10/16/2024,15,1346066,819,250321,202786,0,Retail
10/17/2024,14,296570,635,430396,214574,1,Services
10/18/2024,8,1289356,829,19473,97448,1,Services
10/19/2024,5,1419631,700,226137,130530,1,Manufacturing
10/20/2024,11,1499882,747,451590,40543,0,Manufacturing
10/21/2024,13,1603196,579,99925,178607,1,Services
10/22/2024,15,643317,541,235152,72829,1,Manufacturing
10/23/2024,6,266564,669,309602,127134,1,Retail
10/24/2024,17,817769,845,475563,142554,0,Services
10/25/2024,8,1375041,669,335553,97460,1,Other
10/26/2024,3,212954,747,167589,16121,1,Other
10/27/2024,10,831161,584,324995,132765,1,Retail
10/28/2024,16,136454,799,233351,222702,1,Services
10/29/2024,19,1770412,597,55601,222214,0,Services
10/30/2024,4,892327,809,403728,225180,0,Other
10/31/2024,2,633229,580,258937,8764,0,Retail
11/1/2024,19,1613747,657,395860,59526,0,Other
11/2/2024,18,934503,502,248863,288269,0,Retail
11/3/2024,15,1231717,646,485518,289440,1,Other
11/4/2024,11,1644431,645,425981,206876,1,Manufacturing
11/5/2024,12,385153,595,91031,21944,0,Manufacturing
11/6/2024,16,1685065,582,375694,19058,0,Retail
11/7/2024,19,1507136,718,464106,27027,0,Retail
11/8/2024,5,1227430,797,476515,170381,0,Manufacturing
11/9/2024,3,411010,757,269178,151020,1,Services
11/10/2024,15,1488853,634,63641,150739,0,Manufacturing
11/11/2024,8,951991,692,443804,164370,0,Other
11/12/2024,16,138546,567,151291,295357,1,Retail
11/13/2024,15,855927,654,151076,122276,1,Services
11/14/2024,11,391106,794,252550,232032,1,Services
11/15/2024,14,335752,799,17100,63755,0,Other
11/16/2024,6,112266,662,63041,34359,1,Retail
11/17/2024,4,1990410,777,206620,200442,1,Services
11/18/2024,11,611905,592,108101,292282,1,Other
11/19/2024,19,1234347,657,229389,119271,1,Retail
11/20/2024,2,1591958,507,285334,245719,1,Other
11/21/2024,18,959840,610,261776,141401,0,Retail
11/22/2024,19,1148569,574,438556,30149,1,Manufacturing
11/23/2024,14,1723714,793,132398,116064,0,Manufacturing
11/24/2024,13,973931,634,461486,234995,1,Retail
11/25/2024,18,1161613,642,356740,77572,0,Retail
11/26/2024,18,470281,595,28540,269943,0,Manufacturing
11/27/2024,19,645040,733,391116,103162,0,Retail
11/28/2024,13,896127,645,268485,281972,0,Other
11/29/2024,5,1499648,721,209498,295920,0,Services
11/30/2024,10,1372314,581,360698,155651,1,Manufacturing
12/1/2024,11,1733343,507,224233,16948,1,Services
12/2/2024,12,1402637,516,339917,133990,1,Services
12/3/2024,12,1565846,539,100202,16968,0,Services
12/4/2024,2,1740213,725,341534,18912,1,Services
12/5/2024,15,916802,613,279472,26922,0,Other
12/6/2024,11,808771,723,180510,2748,0,Other
12/7/2024,4,716076,516,496203,253747,1,Retail
12/8/2024,4,530633,513,493223,242523,1,Retail
12/9/2024,7,1707191,669,159337,94932,0,Services
12/10/2024,12,1628182,830,332318,115038,0,Retail
12/11/2024,14,520208,610,208434,145837,1,Services
12/12/2024,4,1138516,762,305512,276955,0,Retail
12/13/2024,17,1451026,775,182149,298134,0,Retail
12/14/2024,19,713452,539,70551,37762,0,Other
12/15/2024,19,1764965,657,187255,89432,0,Manufacturing
12/16/2024,10,648498,723,332837,94916,0,Other
12/17/2024,10,889393,710,189381,185163,1,Services
12/18/2024,11,276020,668,17958,68263,1,Manufacturing
12/19/2024,10,1970966,562,55013,25296,1,Retail
12/20/2024,18,1044287,829,179778,297918,0,Services
12/21/2024,5,1370770,757,308359,253120,1,Other
12/22/2024,5,196233,594,254674,239151,1,Other
12/23/2024,3,754683,824,276564,144939,1,Other
12/24/2024,12,1031070,815,24283,94834,0,Other
12/25/2024,17,1295938,795,476676,65000,0,Retail
12/26/2024,15,1006577,506,346770,10325,1,Manufacturing
12/27/2024,16,302857,,424243,143916,1,Services
12/28/2024,3,116289,665,348416,112073,1,Other
12/29/2024,18,463021,692,18831,60497,1,Other
12/30/2024,12,1181811,643,47754,91760,1,Manufacturing
12/31/2024,14,1694999,791,276059,245536,1,Other
1/1/2025,2,1256805,568,79161,114649,1,Retail
1/2/2025,8,1926228,728,220905,173557,0,Other
1/3/2025,19,1226738,543,447168,260841,1,Retail
1/4/2025,14,1232683,580,199523,82760,1,Manufacturing
1/5/2025,15,92225,531,446664,278739,1,Retail
1/6/2025,7,1785899,631,202583,76004,0,Other
1/7/2025,18,1114978,776,290868,255214,0,Services
1/8/2025,3,571744,716,146283,250972,1,Services
1/9/2025,8,130639,660,172335,201800,1,Manufacturing
1/10/2025,8,1057292,536,252352,55243,0,Retail
1/11/2025,5,343856,777,133693,51945,0,Services
1/12/2025,14,841168,547,329693,204901,1,Other
1/13/2025,7,273319,801,252586,261873,1,Manufacturing
1/14/2025,2,705083,596,267214,9476,1,Other
1/15/2025,3,813032,758,374597,66903,0,Services
1/16/2025,15,784252,571,302322,160670,1,Retail
1/17/2025,5,736380,829,174705,259951,0,Other
1/18/2025,7,660230,526,480815,52747,1,Retail
1/19/2025,17,255874,847,202797,289511,1,Other
1/20/2025,9,763687,590,494905,101081,1,Services
1/21/2025,19,474528,775,79161,42934,0,Services
1/22/2025,8,1672106,705,129378,117342,0,Retail
1/23/2025,14,1442211,699,328123,292825,0,Other
1/24/2025,19,725077,573,126809,268894,1,Retail
1/25/2025,7,1234918,793,137008,258122,1,Services
1/26/2025,11,1939999,824,111358,55671,1,Other
1/27/2025,19,806554,717,454168,11046,1,Other
1/28/2025,13,845722,723,71816,34435,0,Services
1/29/2025,1,507809,515,42288,47833,1,Manufacturing
1/30/2025,15,1682420,807,206902,119753,0,Retail
1/31/2025,7,377773,597,261414,181155,1,Manufacturing
2/1/2025,16,648719,612,54925,211518,0,Manufacturing
2/2/2025,1,564164,768,309292,4816,0,Services
2/3/2025,15,252598,612,167585,10098,0,Services
2/4/2025,15,737573,829,123579,130192,0,Manufacturing
2/5/2025,11,1454915,565,101219,225738,1,Manufacturing
2/6/2025,10,1480156,655,265922,172468,1,Manufacturing
2/7/2025,16,1175248,602,329049,235883,1,Manufacturing
2/8/2025,12,834752,766,491300,220350,0,Manufacturing
2/9/2025,1,792576,733,215576,197770,1,Other
2/10/2025,6,1295224,752,145613,73610,0,Other
2/11/2025,15,119893,550,416493,147293,1,Other
2/12/2025,8,664777,539,374095,232945,1,Services
2/13/2025,17,1339522,829,292762,281025,0,Other
2/14/2025,14,856343,649,365950,72267,0,Other
2/15/2025,9,100100,791,499612,149019,1,Services
2/16/2025,11,540843,646,300009,61902,1,Services
2/17/2025,6,130315,838,298590,46343,1,Retail
2/18/2025,16,1203849,559,305937,53990,1,Retail
2/19/2025,6,965010,844,348233,60130,0,Manufacturing
2/20/2025,12,1803037,581,224598,78261,1,Manufacturing
2/21/2025,16,1272746,604,38420,230072,0,Services
2/22/2025,2,1088855,717,11775,238468,0,Other
2/23/2025,9,128455,744,332433,186290,1,Manufacturing
2/24/2025,19,219675,662,219232,267977,1,Retail
2/25/2025,17,1964662,525,273187,273686,0,Retail
2/26/2025,18,1729205,546,310642,168014,0,Other
2/27/2025,1,1243453,759,210272,294101,1,Manufacturing
2/28/2025,13,680802,590,188101,120873,1,Other
3/1/2025,1,1159066,657,316341,276570,0,Manufacturing
3/2/2025,17,400129,656,486552,118446,1,Retail
3/3/2025,1,1354085,636,158820,90493,0,Retail
3/4/2025,15,775384,688,99773,276775,0,Services
3/5/2025,16,371490,556,467784,278160,1,Other
3/6/2025,9,555085,713,218203,75747,0,Other
3/7/2025,9,987299,551,121184,286171,1,Services
3/8/2025,11,527831,637,367220,217647,1,Services
3/9/2025,1,209748,753,399017,209625,1,Services
3/10/2025,15,1488072,831,176353,5681,1,Retail
3/11/2025,14,617025,624,422837,278309,1,Retail
3/12/2025,5,1297531,540,478081,94951,1,Retail
3/13/2025,13,1578679,830,33066,289747,0,Services
3/14/2025,8,889635,806,82068,177921,1,Services
3/15/2025,11,114535,713,223955,256076,1,Other
3/16/2025,3,1595634,640,34293,147166,1,Services
3/17/2025,6,1710489,531,338287,5856,1,Other
3/18/2025,12,862215,789,407171,148637,0,Services
3/19/2025,12,1186750,843,390527,206031,0,Manufacturing
3/20/2025,2,1376564,734,279463,18759,0,Other
3/21/2025,11,1565098,813,381494,123714,0,Services
3/22/2025,19,1899552,678,466373,71547,0,Manufacturing
3/23/2025,12,1904784,518,95458,94476,1,Services
3/24/2025,19,755881,580,270597,175287,0,Services
3/25/2025,11,1908621,596,189073,70122,1,Retail
3/26/2025,8,1225176,710,60230,246783,1,Retail
3/27/2025,3,697293,664,308797,83080,0,Retail
3/28/2025,12,1092335,795,395288,285541,0,Services
3/29/2025,14,1029675,704,369948,233788,0,Manufacturing
3/30/2025,19,401095,695,147162,187569,1,Other
3/31/2025,1,64979,826,393301,125690,1,Manufacturing
4/1/2025,15,1321844,641,401125,136615,0,Services
4/2/2025,1,1474756,685,242695,183484,0,Services
4/3/2025,5,1627955,722,458915,56165,1,Manufacturing
4/4/2025,6,423147,641,214060,136008,1,Manufacturing
4/5/2025,8,1223739,787,155670,174696,0,Other
4/6/2025,17,1785833,778,248209,74032,0,Retail
4/7/2025,3,793849,588,172420,294796,1,Retail
4/8/2025,8,546103,579,380612,118159,1,Retail
4/9/2025,5,128653,596,280399,27110,1,Other
4/10/2025,9,1821230,737,466637,166823,0,Other
4/11/2025,7,1720006,511,272217,82509,1,Manufacturing
4/12/2025,15,105079,520,131998,170588,1,Other
4/13/2025,19,1398460,571,103839,129242,0,Manufacturing
4/14/2025,12,504761,698,245615,274788,1,Manufacturing
4/15/2025,9,1623564,602,22024,51666,1,Manufacturing
4/16/2025,13,1410916,742,492490,171050,0,Retail
4/17/2025,9,1468755,632,408994,211577,1,Services
4/18/2025,2,59115,559,70382,248884,1,Manufacturing
4/19/2025,1,1514399,708,10161,25053,0,Services
4/20/2025,16,1568845,740,497024,176796,0,Retail
4/21/2025,14,480432,748,188101,91406,0,Other
4/22/2025,1,1504354,711,155954,125011,1,Services
4/23/2025,15,760546,763,353299,133107,0,Manufacturing
4/24/2025,18,1467787,539,266902,208188,1,Retail
4/25/2025,4,137033,544,398954,271518,1,Manufacturing
4/26/2025,17,332337,666,32055,195403,0,Retail
4/27/2025,8,1541223,823,471046,51807,0,Services
4/28/2025,12,233351,502,224614,225374,1,Retail
4/29/2025,9,1539079,653,32703,12344,1,Manufacturing
4/30/2025,16,1672747,679,262718,163930,0,Retail
5/1/2025,6,393342,789,45398,16291,0,Other
5/2/2025,19,404230,523,269918,71968,1,Services
5/3/2025,18,580380,697,462278,58617,1,Services
5/4/2025,9,611740,661,106442,175710,1,Services
5/5/2025,18,1026332,725,69433,44464,1,Other
5/6/2025,11,1364714,672,137095,98385,0,Other
5/7/2025,16,1242630,507,323568,17409,1,Other
5/8/2025,8,661428,772,455246,91176,0,Services
5/9/2025,7,1460141,631,452070,209954,0,Services
5/10/2025,16,256013,641,48775,267531,1,Other
5/11/2025,14,1808965,504,311073,287640,0,Retail
5/12/2025,4,1471346,741,137592,86611,0,Services
5/13/2025,12,1384259,613,317597,174462,1,Retail
5/14/2025,13,1479501,772,156254,80342,0,Services
5/15/2025,7,281836,652,150373,205413,1,Manufacturing
5/16/2025,13,1321355,803,166425,181769,1,Services
5/17/2025,2,1721142,807,278869,289142,0,Retail
5/18/2025,12,133735,698,93686,8632,1,Retail
5/19/2025,16,1205309,592,59238,66144,0,Services
5/20/2025,10,244130,501,291571,110775,1,Retail
5/21/2025,8,672308,844,47763,166837,0,Services
5/22/2025,1,326454,829,304485,214185,0,Manufacturing
5/23/2025,18,518455,700,319020,249260,1,Manufacturing
5/24/2025,11,919996,672,179743,265829,1,Services
5/25/2025,12,479417,712,254361,142894,1,Retail
5/26/2025,15,922705,768,34455,128188,0,Manufacturing
5/27/2025,1,272279,746,44119,21561,1,Manufacturing
5/28/2025,16,1344456,816,40889,235199,0,Retail
5/29/2025,15,1360408,752,457248,127827,1,Services
5/30/2025,8,263575,529,198202,262930,1,Other
5/31/2025,16,351797,715,279205,4655,0,Retail
6/1/2025,7,1163063,838,259056,189678,0,Manufacturing
6/2/2025,16,996323,766,402319,212627,0,Manufacturing
6/3/2025,6,552609,663,377188,140463,1,Other
6/4/2025,13,841170,588,398455,86494,1,Services
6/5/2025,11,1974107,841,169840,53638,0,Retail
6/6/2025,2,1036730,677,300933,124600,1,Other
6/7/2025,18,656587,637,71481,211626,1,Services
6/8/2025,1,151185,648,388563,270622,1,Other
6/9/2025,12,1072982,832,390107,218919,0,Manufacturing
6/10/2025,19,1768119,558,41600,196012,1,Retail
6/11/2025,4,250406,649,291318,121400,1,Services
6/12/2025,2,872601,827,351832,226012,0,Services
6/13/2025,2,1485962,764,32493,257795,0,Services
6/14/2025,16,896304,761,174832,127857,0,Services
6/15/2025,6,514026,814,389269,174095,0,Manufacturing
6/16/2025,9,758736,761,161453,74782,0,Other
6/17/2025,6,464047,750,120350,180791,1,Manufacturing
6/18/2025,5,653867,772,364306,298118,0,Services
6/19/2025,10,75265,836,434428,256322,1,Services
6/20/2025,3,1091149,823,313637,172647,0,Other
6/21/2025,18,1792011,657,411266,12536,1,Retail
6/22/2025,5,1632063,516,219459,220622,1,Services
6/23/2025,9,1179330,563,291322,133781,0,Services
6/24/2025,11,472900,731,263744,66904,1,Other
6/25/2025,9,955032,805,401063,290090,0,Other
6/26/2025,6,1331170,827,139367,137496,0,Retail
6/27/2025,2,1819301,832,262982,99649,0,Retail
6/28/2025,5,363513,644,449184,211477,1,Retail
6/29/2025,8,1204000,684,478011,91687,1,Other
6/30/2025,7,849678,762,360486,134446,0,Manufacturing
7/1/2025,3,172880,837,387601,25596,0,Retail
7/2/2025,17,1736913,742,309270,45039,0,Services
7/3/2025,14,417497,647,448307,219397,1,Services
7/4/2025,3,1274653,675,309197,163920,0,Manufacturing
7/5/2025,17,1658306,560,62422,219920,1,Retail
7/6/2025,14,1457507,575,497532,190408,0,Services
7/7/2025,6,764142,692,367892,90879,0,Manufacturing
7/8/2025,11,965758,637,246820,30430,1,Services
7/9/2025,5,1973805,626,386384,191285,1,Retail
7/10/2025,8,690061,687,432599,285452,0,Services
7/11/2025,4,1197404,821,69435,10774,0,Manufacturing
7/12/2025,4,1713632,553,60852,9726,0,Other
7/13/2025,16,611472,830,223848,47552,0,Retail
7/14/2025,4,1408942,566,123539,65381,0,Manufacturing
7/15/2025,18,394610,662,430365,78512,1,Manufacturing
7/16/2025,15,697814,790,455527,157607,1,Retail
7/17/2025,17,794194,517,43452,274253,1,Retail
7/18/2025,16,701921,776,375513,164980,1,Manufacturing
7/19/2025,4,1676146,703,229817,223338,1,Other
7/20/2025,8,722488,653,102915,240332,1,Services
7/21/2025,1,1186509,618,191703,175437,1,Services
7/22/2025,2,1203023,608,331725,207798,1,Retail
7/23/2025,11,1889100,810,258681,132620,1,Services
7/24/2025,13,1246533,692,172468,277907,1,Manufacturing
7/25/2025,3,1172066,548,131154,254624,1,Manufacturing
7/26/2025,15,1319534,655,477754,111239,0,Other
7/27/2025,9,1400763,740,398497,181092,0,Manufacturing
7/28/2025,9,497248,599,105595,187310,1,Retail
7/29/2025,3,1636720,689,82683,254679,1,Manufacturing
7/30/2025,11,657493,730,437217,118711,1,Retail
7/31/2025,4,1941287,764,485249,157712,0,Services
8/1/2025,8,1463638,640,215526,83948,1,Other
8/2/2025,10,938344,560,281765,118686,1,Manufacturing
8/3/2025,11,950973,597,279771,39904,1,Retail
8/4/2025,2,712198,692,314408,103610,0,Other
8/5/2025,8,1164622,790,225822,232661,0,Services
8/6/2025,8,841857,586,221953,186546,0,Other
8/7/2025,9,179689,743,273024,172623,1,Other
8/8/2025,12,739745,594,60409,96035,0,Other
8/9/2025,5,1158035,618,162870,77393,1,Manufacturing
8/10/2025,13,598453,583,111488,42525,1,Manufacturing
8/11/2025,4,367895,637,317113,98004,0,Retail
8/12/2025,5,376856,570,43186,228690,1,Other
8/13/2025,16,1687252,693,192582,184616,0,Other
8/14/2025,18,310857,576,221711,84346,1,Manufacturing
8/15/2025,17,1034773,676,120172,120976,1,Services
8/16/2025,3,1056867,580,402475,70569,1,Services
8/17/2025,17,183250,817,27209,105209,0,Services
8/18/2025,11,1826558,756,259726,211228,1,Other
8/19/2025,7,363923,632,394544,211197,1,Services
8/20/2025,12,245888,678,101362,99295,1,Retail
8/21/2025,11,443506,738,155731,149304,1,Manufacturing
8/22/2025,12,385205,722,491052,269840,1,Services
8/23/2025,9,1873819,788,331376,17140,0,Other
8/24/2025,8,843685,546,232692,187093,1,Retail
8/25/2025,2,1633323,663,388948,201741,1,Other
8/26/2025,13,1716113,657,210199,71389,0,Other
8/27/2025,17,1031623,761,392458,37450,0,Retail
8/28/2025,3,141470,603,172171,165118,1,Manufacturing
8/29/2025,12,1971634,555,213989,176139,1,Retail
8/30/2025,16,232678,777,122016,16527,0,Retail
8/31/2025,1,1888638,645,313483,172021,1,Retail
9/1/2025,13,1381937,738,236022,150286,0,Retail
9/2/2025,19,1420934,596,137309,79249,0,Manufacturing
9/3/2025,6,1502142,544,190857,257716,1,Other
9/4/2025,6,203106,736,361272,123548,1,Manufacturing
9/5/2025,14,1346127,663,141024,88839,0,Manufacturing
9/6/2025,8,1972031,582,398338,263389,1,Manufacturing
9/7/2025,12,836629,803,96811,55722,0,Services
9/8/2025,10,140575,848,110612,32816,0,Retail
9/9/2025,10,993522,679,13859,6431,1,Manufacturing
9/10/2025,3,426164,728,462563,249378,1,Services
9/11/2025,6,1831319,580,211881,179220,1,Services
9/12/2025,4,71601,560,271236,293131,1,Retail
9/13/2025,4,995444,509,463234,38143,1,Services
9/14/2025,6,943375,691,287537,129636,1,Services
9/15/2025,1,1009255,577,325199,225635,1,Retail
9/16/2025,15,1602810,618,130739,74340,0,Retail
9/17/2025,18,794062,580,99798,159824,1,Manufacturing
9/18/2025,14,1671697,599,161121,83442,1,Retail
9/19/2025,8,1465423,710,220179,215864,0,Services
9/20/2025,12,577608,749,211978,299064,1,Manufacturing
9/21/2025,18,1413288,663,82885,299691,0,Manufacturing
9/22/2025,9,630640,573,47584,75682,1,Other
9/23/2025,3,741394,623,165844,81159,1,Retail
9/24/2025,16,1588806,588,257939,125016,0,Retail
9/25/2025,19,316016,597,68799,138771,0,Manufacturing
9/26/2025,12,1761669,525,226387,134861,1,Manufacturing
9/27/2025,17,1012051,742,357739,218854,1,Services
9/28/2025,19,1075838,694,389602,221244,0,Retail
9/29/2025,13,1819202,837,379159,21747,0,Services
9/30/2025,5,1796838,654,12420,46154,0,Manufacturing
10/1/2025,17,997716,818,366885,177647,1,Retail
10/2/2025,2,1350192,588,112604,152640,1,Retail
10/3/2025,10,1096007,507,104419,69559,0,Manufacturing
10/4/2025,15,1391131,670,262995,135474,0,Manufacturing
10/5/2025,1,1291922,652,225218,201746,0,Manufacturing
10/6/2025,9,59115,769,55641,160880,1,Services
10/7/2025,14,78842,798,250212,176492,1,Retail
10/8/2025,18,158475,761,189251,79149,1,Manufacturing
10/9/2025,1,851701,843,339169,217057,0,Other
10/10/2025,8,932524,779,318811,233181,1,Retail
10/11/2025,16,1679050,620,53954,158886,0,Other
10/12/2025,1,1176430,641,77385,144524,1,Services
10/13/2025,15,911161,597,39077,298147,1,Retail
10/14/2025,19,782037,571,12370,125622,0,Retail
10/15/2025,16,446271,615,366080,142905,1,Retail
10/16/2025,12,1367156,819,39473,91243,0,Other
10/17/2025,19,1665765,678,322431,227864,0,Services
10/18/2025,10,1434241,764,150568,269570,1,Manufacturing
10/19/2025,2,124176,719,303015,23160,1,Manufacturing
10/20/2025,19,531334,832,239238,97029,0,Retail
10/21/2025,11,1178794,849,179486,16505,0,Services
10/22/2025,16,1330192,600,95370,108603,1,Manufacturing
10/23/2025,17,275065,630,426714,233400,1,Manufacturing
10/24/2025,6,969394,613,264474,231298,1,Retail
10/25/2025,9,908308,739,190463,65,1,Services
10/26/2025,2,1948616,615,436893,86379,0,Services
10/27/2025,15,715509,523,456319,83452,1,Services
10/28/2025,12,683939,620,13844,83023,0,Services
10/29/2025,3,1532781,743,118637,143976,0,Services
10/30/2025,5,559467,661,84105,1933,0,Other
10/31/2025,10,259960,520,437423,211248,1,Services
11/1/2025,18,1044491,717,191978,235843,0,Retail
11/2/2025,5,1422268,516,231662,281869,1,Retail
11/3/2025,6,1635972,611,10238,112450,0,Manufacturing
11/4/2025,15,1594903,626,169778,84441,0,Other
11/5/2025,3,703690,832,458213,215199,0,Services
11/6/2025,8,384515,550,365100,237171,1,Services
11/7/2025,3,1395391,761,434827,203676,1,Other
11/8/2025,3,1843623,544,471984,64471,1,Services
11/9/2025,5,864391,616,443264,136707,1,Other
11/10/2025,3,721844,844,227839,39873,0,Services
11/11/2025,13,376070,826,22535,242013,1,Services
11/12/2025,18,916467,590,319664,210964,1,Manufacturing
11/13/2025,12,994249,690,84799,235072,0,Services
11/14/2025,8,1885323,765,22821,263028,0,Other
11/15/2025,2,1799082,843,257908,298366,0,Retail
11/16/2025,13,1557804,648,294260,131463,0,Retail
11/17/2025,19,1952444,748,250218,229806,0,Other
11/18/2025,8,388460,769,438269,122544,1,Manufacturing
11/19/2025,5,1947385,816,108133,79324,0,Services
11/20/2025,18,247953,614,447526,141398,1,Retail
11/21/2025,11,1869925,514,244912,205517,1,Other
11/22/2025,18,1691457,684,186223,18867,0,Manufacturing
11/23/2025,15,1158487,716,349893,29553,0,Retail
11/24/2025,18,328651,509,381291,161241,1,Other
11/25/2025,18,896205,722,335161,263961,1,Other
11/26/2025,12,384590,763,266202,97311,1,Services
11/27/2025,15,1790383,642,336584,103862,0,Manufacturing
11/28/2025,18,1288079,541,49391,280873,1,Other
11/29/2025,8,1198549,794,139771,88028,1,Manufacturing
11/30/2025,7,1870644,765,113802,217502,0,Retail
12/1/2025,11,1658461,721,62689,6451,0,Services
12/2/2025,3,1577987,518,92996,255225,1,Services
12/3/2025,6,838864,706,12667,102705,0,Other
12/4/2025,1,454311,684,306529,231851,1,Manufacturing
12/5/2025,9,1477942,533,60866,170401,0,Services
12/6/2025,19,1397283,551,71763,30392,1,Manufacturing
12/7/2025,8,385882,647,204451,248470,1,Manufacturing
12/8/2025,6,1330862,678,10165,289055,0,Other
12/9/2025,8,1313199,546,411940,135089,1,Other
12/10/2025,5,1039478,508,404222,281654,1,Other
12/11/2025,18,1399236,837,185717,180821,0,Retail
12/12/2025,10,546886,809,305079,156463,0,Retail
12/13/2025,5,466153,799,279310,278259,1,Manufacturing
12/14/2025,4,131330,513,161853,270825,1,Other
12/15/2025,9,1158479,801,308445,98255,0,Manufacturing
12/16/2025,5,1667109,627,29303,269378,0,Services
12/17/2025,10,1308247,832,420319,97764,0,Retail
12/18/2025,12,1684593,692,113247,160762,1,Services
12/19/2025,4,1406614,660,350401,107728,0,Retail
12/20/2025,18,1518284,693,334819,289061,1,Manufacturing
12/21/2025,13,1597522,595,487158,35081,1,Retail
12/22/2025,15,828627,684,351343,109473,0,Retail
12/23/2025,6,853299,633,497538,85374,0,Other
12/24/2025,11,1916093,788,98246,165135,0,Other
12/25/2025,4,501223,810,497295,242729,1,Retail
12/26/2025,7,1396308,739,335385,241354,0,Services
12/27/2025,19,1039272,656,193298,289776,1,Manufacturing
12/28/2025,1,1924335,627,238894,38653,0,Manufacturing
12/29/2025,7,563532,744,459625,171978,1,Manufacturing
12/30/2025,16,252175,790,13579,95707,0,Manufacturing
12/31/2025,14,1876109,588,81037,144889,0,Manufacturing
1/1/2026,16,1280316,798,208612,206311,1,Other
1/2/2026,12,822456,656,328761,282237,0,Services
1/3/2026,2,637661,800,142780,241423,0,Services
1/4/2026,5,608547,834,420917,172417,1,Services
1/5/2026,17,473967,729,306444,116271,1,Retail
1/6/2026,13,1091773,710,166301,210327,0,Retail
1/7/2026,5,783387,598,166948,21648,1,Other
1/8/2026,12,336161,625,94681,57897,1,Other
1/9/2026,5,1189125,543,110778,100200,1,Other
1/10/2026,10,455836,763,19345,3572,0,Retail
1/11/2026,1,1098679,660,350768,86658,0,Other
1/12/2026,12,171677,547,230082,62444,1,Manufacturing
1/13/2026,2,1403331,677,167840,21703,1,Manufacturing
1/14/2026,9,672445,814,474407,131500,1,Other
1/15/2026,13,654140,741,444407,136982,0,Retail
1/16/2026,7,1079090,836,436587,43399,1,Manufacturing
1/17/2026,16,1755097,669,245610,165201,1,Services
1/18/2026,19,783254,708,221757,224835,1,Manufacturing
1/19/2026,5,833412,578,12256,162743,1,Retail
1/20/2026,3,1517935,584,251521,6574,0,Manufacturing
1/21/2026,7,977076,643,418864,163094,0,Services
1/22/2026,7,1753791,642,471111,95867,1,Services
1/23/2026,3,1811767,532,296917,243099,1,Manufacturing
1/24/2026,9,205243,640,351924,110438,1,Retail
1/25/2026,5,1617488,826,362784,68981,1,Other
1/26/2026,15,1568139,624,46204,186397,1,Other
1/27/2026,17,1220247,528,104501,140567,1,Retail
1/28/2026,17,1162027,839,229313,76732,0,Services
1/29/2026,15,1755615,572,21234,101156,0,Services
1/30/2026,7,220209,566,28635,44294,1,Manufacturing
1/31/2026,13,1102141,516,234345,286051,1,Other
2/1/2026,10,424427,675,233800,148489,0,Retail
2/2/2026,11,818113,613,389735,261871,0,Manufacturing
2/3/2026,4,1921782,518,173235,80878,1,Services
2/4/2026,4,1150198,678,485195,33004,1,Other
2/5/2026,17,1801331,554,64552,157211,0,Services
2/6/2026,14,767973,777,165296,71042,1,Services
2/7/2026,5,1174617,674,81271,11187,1,Services
2/8/2026,14,549252,810,469556,35098,1,Manufacturing
2/9/2026,5,348515,725,229782,193400,1,Retail
2/10/2026,6,719394,726,358644,166161,0,Retail
2/11/2026,4,1993691,776,444117,245413,0,Other
2/12/2026,4,1089971,679,422975,13546,1,Manufacturing
2/13/2026,9,143135,625,378680,56800,1,Retail
2/14/2026,8,1027850,799,233206,169709,1,Retail
2/15/2026,13,630596,785,45919,253758,1,Other
2/16/2026,8,1431860,518,456311,284075,1,Other
2/17/2026,1,1682195,548,174184,215261,1,Other
2/18/2026,6,1992804,800,145397,4791,1,Manufacturing
2/19/2026,2,1853427,661,314496,52688,1,Services
2/20/2026,8,1581386,776,135655,118092,0,Services
2/21/2026,2,562670,710,89145,125852,0,Other
2/22/2026,6,1843258,619,70419,290319,1,Other
2/23/2026,18,1414142,777,306418,18388,0,Manufacturing
2/24/2026,1,1225947,846,53931,4766,0,Services
2/25/2026,7,1378381,636,81152,288026,0,Services
2/26/2026,15,675229,698,331273,50184,0,Other
2/27/2026,15,103247,550,371868,50480,1,Manufacturing
2/28/2026,2,1839100,748,186950,83938,0,Other
3/1/2026,4,1807983,826,398600,231114,0,Manufacturing
3/2/2026,11,989321,558,356760,200280,0,Manufacturing
3/3/2026,4,1757792,541,52855,40297,1,Manufacturing
3/4/2026,10,1686220,829,463292,79914,0,Services
3/5/2026,16,512064,630,132620,18043,0,Retail
3/6/2026,8,1120211,589,417580,231775,1,Retail
3/7/2026,9,1715712,700,135820,147122,1,Other
3/8/2026,17,1226270,507,35823,10488,0,Other
3/9/2026,8,1795645,677,285623,135096,0,Other
3/10/2026,1,1239995,844,277940,218,0,Retail
3/11/2026,5,816842,680,450695,924,1,Other
3/12/2026,11,635774,771,400376,259316,0,Services
3/13/2026,16,73332,534,180373,28749,1,Manufacturing
3/14/2026,3,1752133,503,84802,13621,1,Retail
3/15/2026,7,307006,597,310722,93781,1,Services
3/16/2026,16,1714320,629,467378,12557,1,Other
3/17/2026,8,1592860,779,188494,43662,0,Manufacturing
3/18/2026,5,1920787,556,198680,296323,1,Services
3/19/2026,2,193805,802,230871,195859,1,Manufacturing
3/20/2026,7,1278986,773,143529,154595,1,Services
3/21/2026,13,1043691,833,337872,277756,0,Other
3/22/2026,1,1976287,571,129897,40204,0,Manufacturing
3/23/2026,7,1607395,707,14697,299819,1,Other
3/24/2026,9,591258,693,148139,7075,0,Retail
3/25/2026,10,1817655,616,298061,56090,1,Manufacturing
3/26/2026,15,1762358,721,99907,9129,0,Retail
3/27/2026,18,1725980,508,228012,112244,1,Manufacturing
3/28/2026,13,1051535,763,296742,181979,1,Services
3/29/2026,11,975282,570,243685,240513,0,Manufacturing
3/30/2026,3,1556426,809,122599,196956,0,Other
3/31/2026,15,834332,568,290005,123554,1,Manufacturing
4/1/2026,15,1243077,659,86786,75986,1,Other
4/2/2026,6,1520214,832,498376,265987,0,Manufacturing
4/3/2026,6,926244,821,245856,80855,0,Services
4/4/2026,15,1784183,662,107658,227131,1,Services
4/5/2026,2,1131706,676,82503,82170,1,Other
4/6/2026,8,370945,636,142401,59230,1,Retail
4/7/2026,6,1114707,700,88051,199319,0,Manufacturing
4/8/2026,16,1068723,519,699862,231880,1,Other
4/9/2026,5,1701380,765,371955,63053,0,Manufacturing
4/10/2026,13,1939379,747,425757,200660,0,Services
4/11/2026,18,585067,608,153901,43259,0,Other
4/12/2026,4,1414384,756,454846,126609,0,Retail
4/13/2026,3,1757234,586,323352,232086,1,Manufacturing
4/14/2026,2,128429,657,427507,72086,1,Other
4/15/2026,12,1535305,706,140568,242274,1,Other
4/16/2026,7,1491376,794,479903,30747,0,Manufacturing
4/17/2026,15,462228,753,123673,67559,1,Retail
4/18/2026,9,808052,605,444346,105081,1,Retail
4/19/2026,3,1019438,683,210200,13522,1,Other
4/20/2026,11,1538034,720,376756,44191,0,Other
4/21/2026,3,255249,691,154042,64471,1,Other
4/22/2026,14,1202268,679,460163,53002,1,Retail
4/23/2026,10,928457,511,251882,59979,1,Other
4/24/2026,14,974032,800,200320,174913,0,Services
4/25/2026,16,1117781,578,170635,195508,0,Other
4/26/2026,11,97189,586,186484,78281,1,Retail
4/27/2026,14,288989,770,102166,243595,1,Other
4/28/2026,14,1651795,755,50595,137182,0,Retail
4/29/2026,15,1993162,692,445191,53258,0,Other
4/30/2026,15,1996456,727,317787,76287,0,Manufacturing
5/1/2026,12,103234,630,349885,199300,1,Services
5/2/2026,17,557496,753,457226,248834,1,Services
5/3/2026,4,353090,760,269017,257651,1,Services
5/4/2026,15,365301,582,699862,33790,0,Retail
5/5/2026,9,1299426,632,341117,12434,0,Manufacturing
5/6/2026,6,1529500,514,453153,73228,1,Manufacturing
5/7/2026,16,1094568,805,125915,28273,0,Other
5/8/2026,1,331463,565,137699,127051,1,Other
5/9/2026,3,1170022,747,206221,96789,1,Retail
5/10/2026,16,1342185,847,420973,162104,0,Retail
5/11/2026,19,667677,759,76975,172183,0,Services
5/12/2026,12,431004,686,155049,56534,1,Services
5/13/2026,4,1231256,751,372713,68206,0,Services
5/14/2026,9,1399014,597,80616,4220,0,Manufacturing
5/15/2026,17,1451939,600,225333,299039,1,Manufacturing
5/16/2026,7,1546645,513,179197,115689,0,Retail
5/17/2026,12,1782168,541,222167,45847,1,Services
5/18/2026,1,1641581,534,383214,57465,1,Retail
5/19/2026,4,1738479,708,499689,15836,0,Retail
5/20/2026,19,1144891,835,415252,229884,0,Manufacturing
5/21/2026,9,1425283,686,100927,19467,0,Manufacturing
5/22/2026,3,526738,516,411378,248362,1,Retail
5/23/2026,13,149611,684,206201,60598,1,Services
5/24/2026,7,566583,503,131944,27810,0,Other
5/25/2026,1,1489921,716,28054,102863,1,Manufacturing
5/26/2026,4,553542,713,225527,200841,1,Manufacturing
5/27/2026,7,1629020,826,211396,68511,0,Other
5/28/2026,15,183355,839,289199,18218,0,Services
5/29/2026,14,1114478,653,399696,245932,1,Other
5/30/2026,18,1290577,638,310754,127820,0,Manufacturing
5/31/2026,5,1857227,571,71292,110409,1,Services
6/1/2026,1,392963,713,25251,107796,0,Manufacturing
6/2/2026,5,872301,682,99491,64580,1,Retail
6/3/2026,10,1613925,828,376868,172846,0,Retail
6/4/2026,16,551761,710,280128,234594,1,Services
6/5/2026,18,253353,547,311368,2950,1,Services
6/6/2026,18,463940,586,191419,43900,1,Services
6/7/2026,10,440724,849,138089,200372,0,Other
6/8/2026,12,1837037,562,496836,145816,1,Manufacturing
6/9/2026,18,82497,747,174688,170588,1,Manufacturing
6/10/2026,11,646732,540,30585,257144,0,Services
6/11/2026,1,363422,710,441844,12144,1,Services
6/12/2026,17,1318752,783,211421,19669,1,Services
6/13/2026,12,1301825,823,351817,148895,0,Other
6/14/2026,6,250038,831,186454,199226,1,Services
6/15/2026,16,697418,811,295023,43209,1,Manufacturing
6/16/2026,19,951503,599,156696,211120,1,Services
6/17/2026,18,1789192,801,298607,99924,0,Services
6/18/2026,14,1946110,584,455758,37474,0,Other
6/19/2026,11,1890582,649,116336,37535,0,Other
6/20/2026,8,765317,525,62374,282468,0,Manufacturing
6/21/2026,15,644879,793,173243,78269,0,Manufacturing
6/22/2026,11,410806,628,211712,201132,1,Other
6/23/2026,1,957149,835,301759,237857,0,Retail
